Product,Feature,Is Numeric?,Analysis Reasoning,Bundle Score,Dimensions Score,Direct Score,Winner
Dior Sauvage Eau de Toilette 100ml,Max Torque,True,"The extraction of 'Max Torque' does not directly relate to the provided data about Dior Sauvage Eau de Toilette. However, if we were to consider the extraction of volume or similar metrics, the Direct strategy would be most applicable for extracting the explicit volume of 100ml. The Bundle strategy is less relevant here as there is no summation of multiple items, and the Dimensions strategy does not apply as there are no spatial elements to extract. Therefore, the Direct extraction method is the most suitable for this scenario.",2,1,8,direct
Lavazza Qualita Oro Coffee Beans 1kg,Max Torque,True,"The extraction of 'Max Torque' does not directly apply to the provided data about coffee beans, as it pertains to a different context (likely mechanical or automotive). However, if we were to consider the extraction of relevant attributes from the coffee data, we would focus on explicit values such as weight (1kg) and intensity (5/10). The 'DIRECT' strategy would be most applicable for extracting these explicit values, while 'BUNDLE' and 'DIMENSIONS' do not apply as there are no bundles or spatial dimensions relevant to the extraction of 'Max Torque' in this context.",2,1,8,direct
Garmin Fenix 7X Sapphire Solar,Max Torque,True,"The term 'Max Torque' does not appear in the provided data, which focuses on a smartwatch's features and specifications. However, if we were to consider extracting a value related to 'Max Torque' in a hypothetical scenario where it was relevant, the most appropriate extraction algorithm would depend on the context of the data. Since the data does not provide explicit torque values or bundles of torque-related information, the direct extraction would not apply. The bundle extraction would also not be relevant as there are no items to sum. The dimensions extraction could be considered if we were to relate torque to the physical dimensions of the watch, but it is not directly applicable here either. Therefore, all scores are low due to the lack of relevant data.",0,0,0,direct
70mai Dash Cam Pro Plus+ A500S,Max Torque,True,"The extraction of 'Max Torque' is not directly applicable to the provided data, as it does not contain any information related to torque or mechanical specifications. The data focuses on a dash cam's features rather than any performance metrics that would involve torque. Therefore, the direct extraction score is low, as there are no explicit values to extract. The bundle score is also low since there are no items to sum or compare. The dimensions score is irrelevant in this context as there are no spatial measurements related to torque. Overall, the best approach is to recognize that the data does not pertain to torque at all.",0,0,0,direct
Samsung Galaxy S24 Ultra 12/512GB Titanium Gray,Max Torque,True,"The term 'Max Torque' does not appear in the provided data, which focuses on a smartphone's specifications. However, if we were to consider extracting a value related to performance or specifications, the 'Max Torque' could be interpreted in a broader context of the device's capabilities. In this case, the Direct extraction would not apply as there are no explicit torque values. The Bundle extraction could be relevant if we were to consider the overall performance metrics of the device, but it is not directly applicable here. Dimensions extraction is also not relevant as there are no spatial measurements related to torque. Therefore, the most appropriate strategy would be to focus on the overall performance metrics, but since 'Max Torque' is not explicitly mentioned, all scores are low.",1,0,0,bundle
70mai Dash Cam Pro Plus+ A500S,Suction Power,True,"The extraction of 'Suction Power' is not directly applicable to the provided data, as it does not mention any suction-related features. However, if we were to consider the extraction of any power-related metrics, the 'DIRECT' strategy would be the most relevant, as it would look for explicit values related to power. The 'BUNDLE' strategy is not applicable here since there are no bundles of items to sum or compare. The 'DIMENSIONS' strategy is also not relevant as there are no spatial dimensions related to suction power in the context of the provided data.",0,0,5,direct
Garmin Fenix 7X Sapphire Solar,Suction Power,True,"The term 'Suction Power' does not appear in the provided data, which focuses on a smartwatch's features. However, if we were to consider the extraction of a related concept like 'power' in terms of battery or solar charging, the most relevant extraction strategy would be 'DIRECT' since it would involve extracting explicit values related to power specifications. The 'BUNDLE' strategy is not applicable here as there are no multiple items to sum or compare. The 'DIMENSIONS' strategy is also not relevant as the context does not involve spatial extraction related to suction power.",1,1,8,direct
Samsung Galaxy S24 Ultra 12/512GB Titanium Gray,Suction Power,True,"The extraction of 'Suction Power' is not directly applicable to the provided data, as there is no mention of suction power in the title or description. However, if we were to consider the extraction strategies: 1. DIRECT would not yield any results since there are no explicit values related to suction power. 2. BUNDLE is also not applicable as there are no items to sum or compare. 3. DIMENSIONS could be relevant if we were discussing the physical dimensions of a device, but it does not apply to suction power either. Therefore, all scores are low as the data does not contain relevant information for extraction.",0,0,0,direct
Dior Sauvage Eau de Toilette 100ml,Suction Power,True,"The extraction of 'Suction Power' from the provided data does not directly relate to the content, as the data focuses on a fragrance product. However, if we consider 'Suction Power' in the context of a product's performance or effectiveness, we can analyze the extraction strategies. The 'DIRECT' strategy would be the most relevant if there were explicit values related to suction power, but in this case, there are none. The 'BUNDLE' strategy could apply if we were to consider the overall effectiveness of the fragrance as a sum of its components, but again, this is not directly applicable. The 'DIMENSIONS' strategy does not apply here as there are no spatial dimensions related to suction power in the context of the fragrance. Therefore, the 'DIRECT' strategy receives the highest score due to its focus on explicit values, even though none are present in this case.",2,1,5,direct
Lavazza Qualita Oro Coffee Beans 1kg,Suction Power,True,"The extraction of 'Suction Power' in this context is not directly applicable as the product is coffee beans, which do not have a suction power metric. However, if we consider the context of coffee preparation, suction power could relate to the effectiveness of brewing methods that utilize suction, such as espresso machines. In this case, the most relevant extraction strategy would be 'DIRECT' if we were to extract any numerical values related to the product, such as weight or intensity. However, since 'Suction Power' is not explicitly mentioned, the direct extraction score is low. The 'BUNDLE' strategy is not applicable as there are no bundles or multiple items to consider. The 'DIMENSIONS' strategy could be relevant if we were to consider the context of brewing methods, but it is not directly related to the product itself. Therefore, the direct score is low, the bundle score is not applicable, and the dimensions score is also low.",0,1,1,direct
70mai Dash Cam Pro Plus+ A500S,Runtime,True,"The extraction of 'Runtime' from the provided data is not directly applicable as there is no explicit mention of runtime or duration in the title or description. The data focuses on features of the dash cam rather than operational time. Therefore, the direct extraction score is low. The bundle score is also low since there are no items to sum or compare. The dimensions score is not applicable as there are no spatial elements related to runtime. Overall, the best approach is to recognize that runtime is not present in the data.",0,0,0,direct
Garmin Fenix 7X Sapphire Solar,Runtime,True,"The extraction of 'Runtime' in this context is not directly applicable as the provided data does not explicitly mention any runtime values. However, if we consider the context of a smartwatch like the Garmin Fenix 7X, runtime could refer to battery life or operational time on a single charge. Since there are no explicit values given in the description, the Direct extraction score is low. The Bundle score is also low as there are no items to sum or compare. The Dimensions score is not applicable here as there are no spatial elements related to runtime. Therefore, the Direct score is 1, Bundle score is 1, and Dimensions score is 1, indicating a lack of relevant data for extraction.",1,1,1,direct
Dior Sauvage Eau de Toilette 100ml,Runtime,True,"The extraction of 'Runtime' in this context is not directly applicable as the provided data does not contain any temporal information or runtime metrics. However, if we were to consider the extraction of the volume of the product, the Direct strategy would be the most relevant as it extracts explicit values with strict unit matching. The Bundle strategy is not applicable here since there are no multiple items to sum or compare. The Dimensions strategy is also not relevant as there are no spatial dimensions to extract. Therefore, the Direct score is the highest, while Bundle and Dimensions scores are lower due to their inapplicability.",0,0,10,direct
Samsung Galaxy S24 Ultra 12/512GB Titanium Gray,Runtime,True,"The extraction of 'Runtime' in this context is not directly applicable as the provided data does not mention any runtime specifications. However, if we were to consider the extraction of runtime in a broader sense, we would analyze the potential for direct extraction of explicit values, the possibility of bundling related features, and the spatial context of the device's capabilities. Given that there are no explicit runtime values mentioned, the direct score would be low. The bundle score could also be low since there are no items to sum or compare. The dimensions score would be low as well since there is no spatial context related to runtime in the provided data.",0,0,0,direct
Lavazza Qualita Oro Coffee Beans 1kg,Runtime,True,"The extraction of 'Runtime' in this context does not directly apply as the provided data does not contain any temporal or runtime-related information. The focus is on product details rather than a runtime metric. However, if we were to consider the extraction of relevant numerical values, the 'Direct' strategy would be the most applicable for extracting explicit values like weight (1kg) or intensity (5/10). The 'Bundle' strategy is not relevant here as there are no bundles or sums to consider. The 'Dimensions' strategy is also not applicable since there are no spatial dimensions mentioned in the data.",0,0,8,direct
70mai Dash Cam Pro Plus+ A500S,Display Size,True,"The display size is explicitly mentioned in the description as '2.0 inch'. This is a direct value extraction scenario where the size is clearly stated with a specific unit. Therefore, the DIRECT strategy is the most appropriate for extracting the display size.",0,0,10,direct
Samsung Galaxy S24 Ultra 12/512GB Titanium Gray,Display Size,True,"The display size is explicitly mentioned in the description as '6.8-inch'. This is a direct value that can be extracted without ambiguity. The other strategies, such as BUNDLE and DIMENSIONS, are not applicable here since we are dealing with a single explicit measurement rather than a collection of items or a spatial context.",0,0,10,direct
Garmin Fenix 7X Sapphire Solar,Display Size,True,"The display size is explicitly mentioned in the description as '51mm case', which indicates a direct measurement of the size. Therefore, the DIRECT extraction algorithm is the most suitable for this scenario. The BUNDLE algorithm is not applicable here as there is no mention of multiple items or a sum of sizes. The DIMENSIONS algorithm could be considered, but since the size is explicitly stated, DIRECT is the better choice.",0,5,10,direct
Dior Sauvage Eau de Toilette 100ml,Display Size,True,"The display size in this context refers to the volume of the product, which is explicitly stated as '100ml'. The direct extraction method is suitable here as it allows for strict unit matching and directly identifies the volume without ambiguity. The bundle method is not applicable since there is no mention of multiple items or a sum of sizes. The dimensions method is also not relevant as we are not dealing with spatial dimensions but rather a volume measurement.",0,0,10,direct
70mai Dash Cam Pro Plus+ A500S,Viewing Angle,True,"The 'Viewing Angle' is not explicitly mentioned in the provided data. Therefore, the DIRECT extraction method would not yield any results. The BUNDLE method is not applicable as there are no multiple items to sum or compare. The DIMENSIONS method could be relevant if the viewing angle is inferred from the context of the screen display or camera specifications, but without explicit information, it remains uncertain. Thus, the DIMENSIONS method is the most suitable, as it allows for contextual interpretation, even if the specific angle is not provided.",0,5,0,dimensions
Lavazza Qualita Oro Coffee Beans 1kg,Display Size,True,"The data provided does not explicitly mention a display size, such as dimensions or screen size. The title and description focus on the product's characteristics rather than its physical dimensions. Therefore, the most appropriate extraction strategy would be DIMENSIONS, as it allows for spatial extraction based on the context of the product, even though no specific display size is mentioned.",0,5,0,dimensions
Garmin Fenix 7X Sapphire Solar,Viewing Angle,True,"The 'Viewing Angle' is not explicitly mentioned in the provided data, which means a direct extraction would not yield any results. However, if we consider the context of the product, the dimensions of the watch (51mm case) could imply a certain viewing angle based on its size and design. Therefore, the dimensions extraction could be relevant here. The bundle extraction does not apply as there are no multiple items or sums to consider in this context.",0,5,0,dimensions
Dior Sauvage Eau de Toilette 100ml,Viewing Angle,True,"The extraction of 'Viewing Angle' in this context is not directly applicable as the provided data does not contain any information related to angles or viewing perspectives. However, if we consider the extraction of volume as a related concept, the most relevant strategy would be to use the DIRECT method, as it involves extracting explicit values (in this case, the volume of the product). The BUNDLE method is not applicable since there is no summation of multiple items, and DIMENSIONS does not apply as there are no spatial context elements related to viewing angles. Therefore, the direct extraction of the volume is the most suitable approach.",1,1,5,direct
Lavazza Qualita Oro Coffee Beans 1kg,Viewing Angle,True,"The 'Viewing Angle' extraction is not directly applicable to the provided data, as it does not contain any spatial or dimensional context related to viewing angles. The data focuses on product attributes such as flavor, roast type, and intensity, which do not relate to angles or dimensions. Therefore, the most relevant extraction strategy would be 'DIRECT' for any explicit numerical values, but since there are no angles or dimensions mentioned, the scores for all strategies are low.",0,0,1,direct
Samsung Galaxy S24 Ultra 12/512GB Titanium Gray,Viewing Angle,True,"The 'Viewing Angle' is typically a characteristic related to display technology, which can be inferred from the context of the product description. However, the provided data does not explicitly mention the viewing angle or any related specifications. Therefore, the DIRECT extraction method would not yield any results since there are no explicit values to extract. The BUNDLE method is also not applicable as there are no multiple items or sums to consider. The DIMENSIONS method could be relevant if we consider the display size and its context, but without specific information on the viewing angle, it cannot be effectively applied either. Thus, the best approach is to focus on the dimensions of the display, which is mentioned as 6.8 inches, but this does not directly provide the viewing angle. Overall, the scores reflect the lack of explicit data for direct extraction and the limited applicability of the other methods.",0,1,0,dimensions
70mai Dash Cam Pro Plus+ A500S,Battery Life,True,"The extraction of 'Battery Life' from the provided data is not directly applicable as there is no explicit mention of battery life in the title or description. Therefore, the Direct extraction score is low. The Bundle extraction is also not relevant since there are no multiple battery life values to sum or compare. Dimensions extraction is not applicable either, as there are no spatial or contextual references to battery life. Overall, the best approach is to recognize that the data does not contain the required information.",0,0,0,direct
Garmin Fenix 7X Sapphire Solar,Battery Life,True,"The extraction of 'Battery Life' from the provided data is best suited for the DIRECT strategy. The description does not provide explicit values for battery life, but if it did, the DIRECT strategy would be the most appropriate as it focuses on extracting specific numerical values with strict unit matching. The BUNDLE strategy is not applicable here since there are no multiple items to sum or compare, and the DIMENSIONS strategy is irrelevant as there are no spatial elements related to battery life in the context of the provided data.",2,1,8,direct
Dior Sauvage Eau de Toilette 100ml,Battery Life,True,"The extraction of 'Battery Life' does not apply directly to the provided data, as it pertains to a fragrance product rather than a device with battery specifications. However, if we were to consider the volume of the product as a potential analogy for battery life, we would focus on the explicit volume measurement provided. The 'DIRECT' strategy would be most relevant here, as it seeks to extract explicit values with strict unit matching. The 'BUNDLE' strategy is not applicable since we are not summing multiple items, and 'DIMENSIONS' does not apply as there are no spatial dimensions relevant to battery life in this context.",1,1,8,direct
Samsung Galaxy S24 Ultra 12/512GB Titanium Gray,Battery Life,True,"The extraction of 'Battery Life' from the provided data is not directly possible as there is no explicit mention of battery life in the title or description. Therefore, the Direct extraction score is low. The Bundle score is also low since there are no multiple items or values to sum. The Dimensions score is not applicable as there are no spatial elements related to battery life in the context provided. Overall, the best approach is to recognize that the data does not contain the required information for extraction.",0,0,0,direct
Lavazza Qualita Oro Coffee Beans 1kg,Battery Life,True,"The extraction of 'Battery Life' is not directly applicable to the provided data, as it pertains to coffee beans rather than electronic devices. However, if we were to consider the extraction of relevant attributes such as 'Intensity' or 'Weight', the Direct strategy would be most suitable for explicit values like '1kg'. The Bundle strategy is not relevant here as there are no multiple items to sum. The Dimensions strategy does not apply either, as there are no spatial attributes to extract. Therefore, the Direct strategy is the most appropriate for extracting specific values from the given data.",0,0,8,direct
70mai Dash Cam Pro Plus+ A500S,Curvature,True,"The term 'Curvature' is not explicitly mentioned in the provided data. However, if we consider the context of a dash cam, curvature could relate to the field of view or lens curvature. Since there are no direct values or measurements provided, the Direct extraction would score low. The Bundle extraction is not applicable as there are no sums or multiple items to consider. The Dimensions extraction could potentially apply if we were to infer spatial characteristics related to the camera's field of view, but again, there are no explicit dimensions given. Therefore, the Dimensions score is also low. Overall, the best approach would be to focus on the Dimensions extraction, as it relates to the spatial context of the dash cam, even though it lacks explicit data.",0,2,1,dimensions
Garmin Fenix 7X Sapphire Solar,Curvature,True,"The term 'Curvature' is not explicitly mentioned in the data provided. However, if we consider the context of the product, which is a watch, curvature could relate to the design or shape of the watch case. In this case, the most relevant extraction strategy would be DIMENSIONS, as it pertains to the physical characteristics of the watch, such as its 51mm case size. The DIRECT strategy would not apply since there are no explicit curvature values given, and the BUNDLE strategy is not relevant as there are no multiple items or sums to consider.",0,5,0,dimensions
Dior Sauvage Eau de Toilette 100ml,Curvature,True,"The extraction of 'Curvature' in this context does not directly apply as the data provided does not contain any explicit curvature values or related measurements. However, if we consider the dimensions of the product, we could infer a spatial context based on the volume of the product. The direct extraction would not yield any curvature values, and the bundle score is irrelevant as there are no multiple items to consider. Therefore, the dimensions score is the most applicable, as it relates to the spatial aspect of the product's volume.",0,5,0,dimensions
Samsung Galaxy S24 Ultra 12/512GB Titanium Gray,Curvature,True,"The term 'Curvature' is not explicitly mentioned in the provided data. However, if we consider the context of a smartphone, curvature could refer to the design aspect of the device, such as the curvature of the screen or edges. In this case, the most relevant extraction strategy would be DIMENSIONS, as it relates to the spatial characteristics of the smartphone. The DIRECT strategy would not apply since there are no explicit numerical values related to curvature, and the BUNDLE strategy is not relevant as there are no sums or multiple items to consider.",0,10,0,dimensions
Lavazza Qualita Oro Coffee Beans 1kg,Curvature,True,"The extraction of 'Curvature' in this context does not directly apply as there are no explicit values related to curvature in the provided data. However, if we consider the 'Curvature' in terms of the flavor profile or intensity, we can analyze the scores. The 'Direct' score would be low since there are no strict numerical values related to curvature. The 'Bundle' score could be considered low as well since we are not dealing with a sum of items but rather a single product. The 'Dimensions' score could be slightly higher if we consider the spatial context of flavor intensity, but it still remains low due to the lack of explicit spatial data. Overall, the best approach would be to focus on the 'Direct' extraction, but it would yield minimal results.",1,2,1,dimensions
70mai Dash Cam Pro Plus+ A500S,Bowl Capacity,True,"The extraction of 'Bowl Capacity' does not directly apply to the provided data, as it pertains to a dash cam product rather than a bowl or container. However, if we were to consider the extraction strategies: 1. DIRECT would not yield any results since there are no explicit values related to bowl capacity. 2. BUNDLE is irrelevant as there are no items to sum or compare. 3. DIMENSIONS could potentially apply if we were to consider the physical dimensions of the dash cam, but it does not relate to bowl capacity. Therefore, all scores are low due to the lack of relevant data.",0,0,0,direct
Garmin Fenix 7X Sapphire Solar,Bowl Capacity,True,"The extraction of 'Bowl Capacity' does not directly apply to the provided data, as it pertains to a watch rather than a bowl. However, if we were to consider the context of the watch's features, we could analyze the dimensions of the watch case. The '51mm case' could be interpreted as a dimension, but it does not relate to bowl capacity. Therefore, the most relevant extraction strategy would be DIMENSIONS, as it involves spatial measurements, even though it does not directly answer the query about bowl capacity.",0,5,0,dimensions
Samsung Galaxy S24 Ultra 12/512GB Titanium Gray,Bowl Capacity,True,"The extraction of 'Bowl Capacity' does not directly apply to the provided data, as it pertains to a smartphone rather than a bowl. However, if we were to consider the extraction of a relevant capacity or size metric, the most applicable strategy would be 'DIMENSIONS' due to the mention of the screen size (6.8-inch), which relates to the physical dimensions of the device. 'DIRECT' would not be suitable as there are no explicit values related to bowl capacity, and 'BUNDLE' is irrelevant in this context as there are no multiple items or sums to consider.",0,5,0,dimensions
Dior Sauvage Eau de Toilette 100ml,Bowl Capacity,True,"The extraction of 'Bowl Capacity' in this context relates to the volume of the product, which is explicitly stated as '100ml'. The direct extraction method is most suitable here as it allows for the precise identification of the volume without ambiguity. The bundle method is not applicable since there is only a single item with a specific volume, and the dimensions method does not apply as we are not dealing with spatial measurements of an object in a physical context. Therefore, the direct extraction method is the most effective for this scenario.",0,0,10,direct
70mai Dash Cam Pro Plus+ A500S,Power,True,"The extraction of 'Power' in this context is not directly applicable as there are no explicit power values or units mentioned in the data provided. The focus is on features of the dash cam rather than its power specifications. Therefore, the direct extraction score is low. The bundle score is also low since there are no items to sum or compare. The dimensions score is not relevant as there are no spatial attributes related to power. Overall, the best approach is to acknowledge the absence of relevant power data.",1,1,1,direct
Samsung Galaxy S24 Ultra 12/512GB Titanium Gray,Power,True,"The term 'Power' in the context of the provided data does not have a direct numerical value associated with it, nor does it refer to a bundle of items. Instead, it relates to the performance capabilities of the smartphone, which can be inferred from the specifications like the Snapdragon 8 Gen 3 processor. However, since there are no explicit power metrics or bundles mentioned, the most suitable extraction algorithm would be DIMENSIONS, as it can relate to the performance context of the device.",0,10,0,dimensions
Dior Sauvage Eau de Toilette 100ml,Power,True,"The extraction of 'Power' in this context relates to the volume of the product, which is explicitly stated as 100ml. This is a direct measurement and does not involve bundles or spatial dimensions. Therefore, the Direct extraction method is the most appropriate for this scenario, as it focuses on extracting explicit values with strict unit matching.",2,1,10,direct
Garmin Fenix 7X Sapphire Solar,Power,True,"The extraction of 'Power' in this context relates to the solar charging feature of the Garmin Fenix 7X. The most relevant extraction strategy would be DIRECT, as it would focus on the explicit mention of solar charging as a power source. However, since there are no specific numerical values or strict units provided in the description, the direct score is lower. The BUNDLE strategy is not applicable here as there are no items to sum or compare. DIMENSIONS could be relevant if we were considering the physical size or context of the watch, but it does not directly relate to the concept of power. Therefore, the best approach is to focus on the direct mention of solar charging, albeit with a low score due to lack of explicit values.",0,1,2,direct
Lavazza Qualita Oro Coffee Beans 1kg,Bowl Capacity,True,"The extraction of 'Bowl Capacity' from the provided data is not directly applicable since the data does not mention any bowl or its capacity. However, if we consider the context of coffee beans, we might infer that the capacity could relate to how much coffee can be held in a bowl for brewing. Since there are no explicit values or units provided for bowl capacity, the direct extraction method would not yield results. The bundle method is also not applicable as there are no quantities to sum or compare. The dimensions method could potentially apply if we were to consider the physical space required for the coffee beans, but again, no specific dimensions are provided. Therefore, the direct method scores the lowest, followed by bundle, and dimensions might have some relevance but still lacks concrete data.",0,1,0,dimensions
70mai Dash Cam Pro Plus+ A500S,Volume,True,"The data provided does not contain explicit volume measurements or context that would suggest a spatial dimension. The title and description focus on features of a dash cam, which do not relate to volume in a direct or bundle context. Therefore, the direct extraction score is low, as there are no explicit values to extract. The bundle score is also low since there are no items to sum or compare. The dimensions score is low as well, as there is no spatial context provided that would allow for volume extraction.",0,0,0,direct
Lavazza Qualita Oro Coffee Beans 1kg,Power,True,"The extraction of 'Power' in this context relates to the intensity of the coffee, which is rated as 5/10. This is a direct value that can be extracted explicitly from the description. The other scenarios, such as BUNDLE and DIMENSIONS, do not apply here as there are no bundles or spatial contexts relevant to the extraction of power in this case.",2,1,8,direct
Dior Sauvage Eau de Toilette 100ml,Volume,True,"The volume is explicitly stated in the description as '100ml', which is a direct value. The scenario 'DIRECT' is most applicable here as it extracts explicit values with strict unit matching. The 'BUNDLE' scenario is less relevant since there is no indication of multiple items or a sum involved. The 'DIMENSIONS' scenario does not apply as the context does not involve spatial extraction based on object context.",2,1,10,direct
Samsung Galaxy S24 Ultra 12/512GB Titanium Gray,Volume,True,"The extraction of 'Volume' in this context is not directly applicable as there are no explicit volume measurements provided in the title or description. The product is a smartphone, and while it has dimensions, they are not specified. Therefore, the direct extraction score is low. The bundle score is also low since there are no multiple items or quantities to sum. The dimensions score is also low as there are no spatial dimensions provided. Overall, the best approach is to recognize that volume cannot be extracted from the given data.",1,1,1,direct
Garmin Fenix 7X Sapphire Solar,Volume,True,"The volume extraction for the Garmin Fenix 7X Sapphire Solar is best suited for the DIRECT strategy, as the explicit value of '51mm' is provided in the description. This value is a direct measurement of the case size, which can be interpreted as a volume-related metric in terms of dimensions. The BUNDLE strategy is not applicable here since there are no multiple items or sums to consider. The DIMENSIONS strategy could be relevant if we were extracting spatial dimensions of an object, but in this case, the explicit value is already given, making DIRECT the most appropriate choice.",0,5,10,direct
Lavazza Qualita Oro Coffee Beans 1kg,Volume,True,"The volume extraction for this product is straightforward as it explicitly states '1kg' in the title. This is a direct measurement of volume (weight in this case), and there are no bundles or spatial dimensions involved. Therefore, the Direct extraction method is the most suitable, with a high score for its clarity and explicitness. The Bundle method is not applicable here since there is no mention of multiple items or a sum of volumes. The Dimensions method is also irrelevant as there are no spatial attributes to consider.",0,0,10,direct
70mai Dash Cam Pro Plus+ A500S,Read Speed,True,"The extraction of 'Read Speed' from the provided data is not directly applicable as there are no explicit values or units related to speed in the title or description. The data focuses on features of a dash cam rather than performance metrics like read speed. Therefore, the Direct extraction score is low. The Bundle score is also low since there are no items to sum or compare. The Dimensions score is not applicable as there are no spatial measurements related to read speed. Overall, the best approach is to recognize that the data does not contain relevant information for 'Read Speed'.",1,1,1,direct
Samsung Galaxy S24 Ultra 12/512GB Titanium Gray,Read Speed,True,"The extraction of 'Read Speed' from the provided data is not directly applicable as there are no explicit values or units related to read speed mentioned in the title or description. The data focuses on specifications of the smartphone, such as camera resolution and display type, rather than performance metrics like read speed. Therefore, the direct extraction score is low. The bundle score is also low since there are no items to sum or compare. The dimensions score is not applicable as there are no spatial dimensions related to read speed in the context provided.",0,0,0,direct
Dior Sauvage Eau de Toilette 100ml,Read Speed,True,"The extraction of 'Read Speed' in this context is not directly applicable as the provided data does not contain any information related to reading speed. However, if we were to consider the extraction of the volume of the product, the Direct strategy would be the most relevant since it involves extracting explicit values (in this case, the volume of 100ml). The Bundle strategy is not applicable as there are no multiple items to sum, and the Dimensions strategy does not apply as there are no spatial dimensions to extract. Therefore, the Direct score is the highest.",0,0,10,direct
Garmin Fenix 7X Sapphire Solar,Read Speed,True,"The extraction of 'Read Speed' from the provided data does not directly relate to explicit numerical values or units that would typically indicate speed. The data focuses on product features rather than performance metrics. Therefore, the Direct extraction method is not applicable. The Bundle method is also not relevant as there are no multiple items or sums to consider. The Dimensions method could potentially apply if we were to consider the physical dimensions of the watch, but it does not pertain to 'Read Speed' specifically. Overall, none of the strategies are particularly suited for extracting 'Read Speed' from this data, but if forced to choose, the Dimensions method might be the least inappropriate due to the mention of the 51mm case size, which could relate to the physical aspect of reading speed in a very indirect way.",0,1,0,dimensions
Lavazza Qualita Oro Coffee Beans 1kg,Read Speed,True,"The extraction of 'Read Speed' from the provided data does not directly relate to the content, as there are no explicit values or measurements of speed mentioned. The data focuses on coffee characteristics rather than any speed-related metrics. Therefore, the Direct extraction score is low. The Bundle score is also low since there are no items to sum or compare. The Dimensions score is not applicable as there are no spatial or contextual dimensions related to speed in the description.",1,1,1,direct
70mai Dash Cam Pro Plus+ A500S,Weight,True,"The data provided does not contain any explicit weight values or units. Therefore, the Direct extraction score is low. There are no bundles or multiple items to consider, so the Bundle score is also low. The Dimensions extraction is not applicable as there are no spatial references related to weight. Overall, the best approach is to use the Direct extraction method, but it will yield no results in this case.",0,0,0,direct
Dior Sauvage Eau de Toilette 100ml,Weight,True,The weight extraction for this scenario is straightforward as the volume is explicitly stated in the description. The direct extraction method is most suitable here since it involves a clear and specific value (100ml) without the need for aggregation or spatial context.,0,0,10,direct
Samsung Galaxy S24 Ultra 12/512GB Titanium Gray,Weight,True,"The weight of the Samsung Galaxy S24 Ultra is not explicitly mentioned in the title or description. Therefore, the direct extraction score is low. Since there is no indication of bundles or multiple items, the bundle score is also low. The dimensions score is not applicable as there are no spatial references to weight in the context provided.",0,0,0,direct
Garmin Fenix 7X Sapphire Solar,Weight,True,"The weight extraction for the Garmin Fenix 7X Sapphire Solar is not explicitly mentioned in the provided data. Therefore, the Direct score is low. Since the product is a single item and not a bundle, the Bundle score is also low. The Dimensions score is not applicable as there are no spatial dimensions related to weight in the context provided.",0,0,0,direct
Lavazza Qualita Oro Coffee Beans 1kg,Weight,True,"The weight of the product is explicitly stated in the title as '1kg'. This is a direct extraction of the weight value, making the DIRECT strategy the most suitable. The BUNDLE strategy is not applicable here as there is no mention of multiple items or a sum of weights. The DIMENSIONS strategy is also not relevant since the context does not involve spatial dimensions but rather a specific weight value.",0,0,10,direct
70mai Dash Cam Pro Plus+ A500S,Max Load,True,"The extraction of 'Max Load' is not directly applicable to the provided data, as it does not contain any explicit values related to load capacity. The scenario does not mention bundles or spatial dimensions that would relate to a maximum load either. Therefore, the direct extraction score is low, and the bundle and dimensions scores are also low since they do not apply to the context of the data provided.",1,1,1,direct
Dior Sauvage Eau de Toilette 100ml,Max Load,True,"The extraction of 'Max Load' in this scenario is best suited for the BUNDLE strategy. The product is a single item with a specified volume, but the context suggests that it could be part of a larger collection or bundle of fragrances. The direct extraction could yield the volume, but it does not capture the potential for summation across multiple items. The dimensions strategy is not applicable here as there are no spatial elements to consider.",5,1,2,bundle
Samsung Galaxy S24 Ultra 12/512GB Titanium Gray,Max Load,True,"The extraction of 'Max Load' in this context does not directly relate to the provided data about the Samsung Galaxy S24 Ultra. The data focuses on specifications and features of the smartphone rather than any load capacity or weight. However, if we were to consider the weight of the device as a potential 'load', the Direct extraction could be relevant if the weight were explicitly stated. Since no such information is provided, the Direct score is low. The Bundle score is also low as there are no items to sum or compare. The Dimensions score is not applicable here as there is no spatial context related to load. Therefore, the Direct score is the highest, but still low due to lack of explicit information.",0,0,1,direct
70mai Dash Cam Pro Plus+ A500S,Luminous Flux,True,"The term 'Luminous Flux' typically refers to the measure of the perceived power of light, which is usually expressed in lumens. In the provided data, there is no explicit mention of luminous flux or any related values. Therefore, the Direct extraction algorithm would not yield any results. The Bundle extraction algorithm is also not applicable here as there are no bundles of luminous flux values to consider. The Dimensions extraction algorithm is not relevant either, as there are no spatial contexts or objects related to luminous flux in the data provided. Thus, all scores are low, reflecting the lack of relevant information.",0,0,0,direct
Garmin Fenix 7X Sapphire Solar,Max Load,True,"The extraction of 'Max Load' from the provided data does not have explicit values related to load capacity. The data focuses on the features of a smartwatch, such as materials, size, and functionalities, rather than any load-related metrics. Therefore, the direct extraction score is low. The bundle score is also low since there are no items to sum or compare for load. The dimensions score is not applicable as there are no spatial dimensions related to load capacity. Overall, the best approach is to use the direct extraction method, but it will yield no results due to the absence of relevant data.",1,1,1,direct
Dior Sauvage Eau de Toilette 100ml,Luminous Flux,True,"The extraction of 'Luminous Flux' in this context is best suited for the DIRECT strategy, as it involves extracting a specific volume measurement (100ml) that corresponds directly to the product's description. The BUNDLE strategy is less relevant here since there is no summation of multiple items, and the DIMENSIONS strategy does not apply as there is no spatial context involved in the extraction of luminous flux.",2,1,8,direct
Lavazza Qualita Oro Coffee Beans 1kg,Max Load,True,"The extraction of 'Max Load' in this context refers to the maximum weight of the product, which is explicitly stated in the title as '1kg'. This is a direct extraction of a numerical value with a specific unit (kilograms). Therefore, the DIRECT strategy is the most appropriate for this scenario, as it focuses on extracting explicit values with strict unit matching. The BUNDLE strategy is not applicable here since there is no summation of multiple items, and the DIMENSIONS strategy does not apply as there are no spatial dimensions to consider in this context.",0,0,10,direct
Samsung Galaxy S24 Ultra 12/512GB Titanium Gray,Luminous Flux,True,"The term 'Luminous Flux' typically refers to the measure of the perceived power of light, which is usually expressed in lumens. In the provided data, there is no explicit mention of luminous flux or any related measurements. Therefore, the Direct extraction algorithm would not yield any results. The Bundle algorithm is also not applicable here as there are no bundles of light measurements to consider. The Dimensions algorithm is irrelevant as there are no spatial contexts related to light measurements in the data. Thus, all scores are low, reflecting the lack of relevant information.",0,0,0,direct
Garmin Fenix 7X Sapphire Solar,Luminous Flux,True,"The term 'Luminous Flux' typically refers to the measure of the perceived power of light, which is usually expressed in lumens. In the context of the provided data, there is no explicit mention of luminous flux or any related values. Therefore, the DIRECT extraction algorithm would not yield any results since there are no strict unit matches for luminous flux in the data. The BUNDLE extraction is also not applicable here as there are no bundles of luminous flux values to consider. Lastly, the DIMENSIONS extraction does not apply either, as there are no spatial contexts related to luminous flux in the description. Thus, all scores are low.",0,0,0,direct
Lavazza Qualita Oro Coffee Beans 1kg,Luminous Flux,True,"The term 'Luminous Flux' is not directly related to the provided data about coffee beans. However, if we were to extract relevant information, we would focus on explicit values such as the weight of the coffee (1kg) and the intensity (5/10). The DIRECT strategy would be most applicable here as it allows for the extraction of these explicit values. The BUNDLE strategy is less relevant since we are not dealing with multiple items or sums, and DIMENSIONS does not apply as there are no spatial elements to consider in this context.",2,1,8,direct
Dior Sauvage Eau de Toilette 100ml,Power Source,True,"The extraction of 'Power Source' in this context is best suited for the DIRECT strategy, as the volume of the product is explicitly stated as '100ml'. This is a clear and direct extraction of a specific value without the need for bundling or spatial context. The BUNDLE strategy is not applicable here since there is no mention of multiple items or a sum of values. The DIMENSIONS strategy is also irrelevant as there are no spatial elements to consider in the context of a power source.",0,0,10,direct
70mai Dash Cam Pro Plus+ A500S,Power Source,True,"The extraction of 'Power Source' from the provided data does not explicitly mention any power source details. Therefore, the Direct extraction score is low. The Bundle score is also low since there are no multiple items or sums to consider. The Dimensions score is not applicable as there are no spatial elements related to power sources in the context provided. Overall, the best approach is to use the Direct method, but it will yield no results due to lack of information.",1,1,1,direct
Garmin Fenix 7X Sapphire Solar,Power Source,True,"The power source for the Garmin Fenix 7X Sapphire Solar is solar charging, which is explicitly mentioned in the description. This indicates a direct extraction of the power source. There are no bundles or dimensions involved in this context, as the power source is a single, clear value.",0,0,10,direct
Samsung Galaxy S24 Ultra 12/512GB Titanium Gray,Power Source,True,"The extraction of 'Power Source' from the provided data is not directly mentioned. However, if we consider the context of smartphones, the power source typically refers to the battery. Since there is no explicit mention of battery specifications in the title or description, the direct extraction would yield no results. The bundle score is also low as there are no multiple items or specifications to sum up. The dimensions score is not applicable here as there are no spatial elements related to power source. Therefore, the direct score is the most relevant, but it is still low due to lack of information.",0,0,0,direct
Lavazza Qualita Oro Coffee Beans 1kg,Power Source,True,"The extraction of 'Power Source' in this context is not directly applicable as the data provided does not mention any power source. However, if we consider the context of coffee beans, we might infer that the power source could relate to the equipment used to brew the coffee (e.g., coffee machines, grinders). Since there is no explicit mention of a power source in the title or description, the direct extraction score is low. The bundle score is also low as there are no multiple items or quantities to sum. The dimensions score is not applicable as there are no spatial elements related to power sources in the provided data.",1,1,1,direct
Dior Sauvage Eau de Toilette 100ml,Cutting Width,True,"The extraction of 'Cutting Width' in this context does not directly apply as the data provided is about a fragrance product. However, if we consider 'Cutting Width' as a metaphor for the volume or size of the product, the most relevant extraction strategy would be 'DIRECT' since we are looking for an explicit value (100ml) that matches a specific unit (milliliters). The 'BUNDLE' strategy is not applicable here as there is no summation of multiple items, and 'DIMENSIONS' does not apply as we are not dealing with spatial dimensions in a physical sense. Therefore, the 'DIRECT' strategy is the most suitable for extracting the volume of the product.",0,0,10,direct
70mai Dash Cam Pro Plus+ A500S,Cutting Width,True,"The term 'Cutting Width' does not appear explicitly in the provided data. However, if we consider the context of the product, which is a dash cam, the relevant extraction would focus on dimensions or specifications related to the device. The 'Screen display 2.0 inch' could be interpreted as a dimension, but it does not directly relate to 'Cutting Width'. Therefore, the most appropriate extraction strategy would be DIMENSIONS, as it pertains to the physical characteristics of the product, even though it does not directly provide a 'Cutting Width'.",0,5,0,dimensions
Garmin Fenix 7X Sapphire Solar,Cutting Width,True,"The term 'Cutting Width' does not appear explicitly in the provided data. However, if we consider the context of the Garmin Fenix 7X Sapphire Solar, it is a smartwatch with specific dimensions and features. The '51mm case' could be interpreted as a relevant dimension, but it does not directly relate to 'Cutting Width'. Therefore, the most appropriate extraction strategy would be to focus on direct extraction of explicit values, as there are no bundles or spatial dimensions that apply here.",1,2,8,direct
Samsung Galaxy S24 Ultra 12/512GB Titanium Gray,Cutting Width,True,"The term 'Cutting Width' does not appear explicitly in the provided data. However, if we consider the context of the smartphone's specifications, the '6.8-inch' display could be interpreted as a dimension related to width. Since the extraction of 'Cutting Width' is not directly mentioned, the most relevant extraction strategy would be DIMENSIONS, as it focuses on spatial attributes based on the object context. The DIRECT strategy would not apply here since there is no explicit mention of 'Cutting Width', and the BUNDLE strategy is not relevant as there are no multiple items to sum or compare.",0,10,0,dimensions
Dior Sauvage Eau de Toilette 100ml,Collector Volume,True,"The extraction of 'Collector Volume' in this scenario is straightforward as the volume is explicitly stated in the description. The value is given in milliliters (100ml), which matches the strict unit requirement for direct extraction. The BUNDLE score is lower because there is no indication of multiple items or a sum involved, and the DIMENSIONS score is not applicable as this is not a spatial context. Therefore, the DIRECT extraction method is the most suitable for this data.",2,1,10,direct
Lavazza Qualita Oro Coffee Beans 1kg,Cutting Width,True,"The term 'Cutting Width' does not appear explicitly in the provided data. However, if we consider the context of the product, which is coffee beans, the extraction of relevant dimensions or measurements could be applicable. The weight of the coffee beans (1kg) is a direct measurement, but it does not relate to 'Cutting Width' directly. Therefore, the most relevant extraction strategy would be to focus on direct extraction of explicit values, as the weight is a clear and defined measurement. However, since 'Cutting Width' is not directly mentioned, the direct score is lower. The bundle score is also low as there are no bundles or multiple items to consider. The dimensions score is also low since there is no spatial context provided for 'Cutting Width'.",1,1,3,direct
Samsung Galaxy S24 Ultra 12/512GB Titanium Gray,Collector Volume,True,"The term 'Collector Volume' does not appear explicitly in the provided data. However, if we consider the context of the smartphone, it could relate to the storage capacity of the device, which is 512GB. This value is explicit and can be directly extracted. Therefore, the Direct extraction algorithm is the most suitable. The Bundle and Dimensions strategies are less relevant here as there is no indication of multiple items or spatial context.",2,1,10,direct
70mai Dash Cam Pro Plus+ A500S,Collector Volume,True,"The term 'Collector Volume' does not appear explicitly in the provided data. However, if we consider the context of a dash cam, it may refer to the volume of data or footage collected by the device. Since there are no explicit numerical values or units related to volume in the description, the Direct extraction would score low. The Bundle extraction is not applicable here as there are no items to sum or compare. Dimensions extraction is also not relevant as there are no spatial measurements provided. Therefore, the Direct score is low, the Bundle score is zero, and the Dimensions score is also zero.",0,0,1,direct
Garmin Fenix 7X Sapphire Solar,Collector Volume,True,"The term 'Collector Volume' does not appear explicitly in the provided data. However, if we consider the context of the Garmin Fenix 7X Sapphire Solar, it is a smartwatch that may have a specific volume related to its physical dimensions. The '51mm case' could imply a volume measurement, but it is not directly stated. Therefore, the extraction would rely on interpreting the dimensions rather than explicit values. The direct extraction would not yield a result since there is no clear numerical value for 'Collector Volume'. The bundle score is not applicable as there are no multiple items to sum. The dimensions score is relevant as it relates to the physical size of the watch, which could be interpreted as a volume measurement.",0,5,0,dimensions
Lavazza Qualita Oro Coffee Beans 1kg,Collector Volume,True,"The term 'Collector Volume' typically refers to a specific measurement of volume, which in this case could relate to the packaging of the coffee beans. The product title indicates a weight of 1kg, which is a direct measurement of the volume of coffee beans in the package. Therefore, the DIRECT extraction algorithm is most appropriate as it focuses on extracting explicit values with strict unit matching. The BUNDLE and DIMENSIONS strategies are less relevant here since the product is a single item with a defined weight rather than a collection of items or a spatial context.",2,1,10,direct
Dior Sauvage Eau de Toilette 100ml,DPI,True,"The extraction of 'DPI' (Data Per Item) in this scenario is best suited for the DIRECT strategy. The volume of the product is explicitly stated as '100ml', which is a clear and direct value. The BUNDLE strategy is not applicable here as there are no multiple items or sums to consider. The DIMENSIONS strategy is also not relevant since the extraction does not involve spatial context or dimensions beyond the volume measurement.",0,0,10,direct
Samsung Galaxy S24 Ultra 12/512GB Titanium Gray,DPI,True,"The extraction of 'DPI' from the provided data is not directly applicable as there is no explicit mention of DPI (dots per inch) in the title or description. However, if we consider the context of the smartphone's display, DPI could be inferred from the screen size and resolution, but this requires additional calculations or assumptions about the resolution which are not provided. Therefore, the direct extraction score is low. The bundle score is also low since there are no multiple items to sum or compare. The dimensions score is moderate as it relates to the display size, but again, without explicit resolution data, it cannot be accurately calculated. Overall, the best approach would be to use dimensions for context, but the lack of explicit data limits the effectiveness.",1,3,1,dimensions
70mai Dash Cam Pro Plus+ A500S,DPI,True,"The extraction of 'DPI' is not directly applicable in this context as the provided data does not mention DPI or any related measurement. However, if we consider the resolution of the dash cam (2.7K), it could be indirectly related to DPI in terms of image quality. Since there are no explicit values for DPI, the direct extraction score is low. The bundle score is also low as there are no items to sum or compare. The dimensions score is not applicable as there are no spatial dimensions provided that relate to DPI. Therefore, the direct score is 1, the bundle score is 1, and the dimensions score is 1, indicating a lack of relevant data for extraction.",1,1,1,direct
Lavazza Qualita Oro Coffee Beans 1kg,DPI,True,"The extraction of 'DPI' (Data Per Item) in this context would focus on the explicit values provided in the product description. The title indicates a specific weight (1kg), which is a direct measurement. The description provides additional qualitative information but does not contribute to a numerical extraction relevant to DPI. Therefore, the Direct extraction method is most suitable as it allows for strict unit matching for the weight of the coffee beans. The Bundle method is not applicable here since we are dealing with a single item rather than a collection of items. The Dimensions method is also not relevant as there are no spatial attributes to extract in this context.",0,0,10,direct
Garmin Fenix 7X Sapphire Solar,DPI,True,"The term 'DPI' is not explicitly mentioned in the provided data. However, if we consider DPI in the context of a device like the Garmin Fenix 7X, it could relate to the display resolution or the precision of the GPS. Since the data does not provide explicit numerical values or context for DPI, the Direct extraction method would not be applicable. The Bundle method is also not relevant as there are no items to sum or compare. The Dimensions method could be relevant if we consider the physical dimensions of the watch (51mm case) as a spatial context, but it does not directly relate to DPI. Therefore, the best approach is to focus on the dimensions aspect, as it relates to the physical characteristics of the product.",0,5,0,dimensions
70mai Dash Cam Pro Plus+ A500S,Length,True,"The extraction of 'Length' in this scenario is best suited for the DIRECT strategy, as the description provides explicit values related to the product's dimensions. However, the only relevant length mentioned is the screen display size of 2.0 inches, which is a direct measurement. The BUNDLE strategy is not applicable here since there are no multiple items to sum or compare. The DIMENSIONS strategy is also not relevant as there is no spatial context provided for other objects. Therefore, the direct extraction of the screen size is the most appropriate approach.",0,0,10,direct
Samsung Galaxy S24 Ultra 12/512GB Titanium Gray,Length,True,The length extraction for this scenario is best suited for the DIRECT strategy because the size of the screen (6.8-inch) is explicitly stated in the description. There is no need for bundling or spatial context as the value is clear and specific.,1,1,10,direct
Dior Sauvage Eau de Toilette 100ml,Length,True,"The extraction of 'Length' in this scenario is straightforward as the volume is explicitly stated in the description. The value '100ml' is a direct measurement of volume, which corresponds to the 'Length' extraction. Since the unit is clearly defined and matches the expected format, the DIRECT strategy is the most appropriate. The BUNDLE strategy is not applicable here as there is no summation of multiple items, and the DIMENSIONS strategy does not apply since we are not dealing with spatial dimensions in this context.",1,1,10,direct
Lavazza Qualita Oro Coffee Beans 1kg,Length,True,"The length extraction for this scenario is best suited for the DIRECT strategy since the weight of the coffee beans (1kg) is explicitly stated in the title. There are no bundles or spatial dimensions involved, making the other strategies less relevant.",0,0,10,direct
Samsung Galaxy S24 Ultra 12/512GB Titanium Gray,Screen Diagonal,True,"The extraction of 'Screen Diagonal' from the provided data is best suited for the DIMENSIONS strategy. The screen size is a spatial measurement that relates to the physical dimensions of the device, and it is explicitly mentioned in the description as '6.8-inch'. The DIRECT strategy could also be applicable since the value is explicitly stated, but it does not account for the context of the measurement as effectively as DIMENSIONS. The BUNDLE strategy is not relevant here as there is no summation or comparison of multiple items involved.",1,10,7,dimensions
Garmin Fenix 7X Sapphire Solar,Length,True,"The length extraction for the Garmin Fenix 7X Sapphire Solar is straightforward as it explicitly states a case size of 51mm. This value is a direct measurement and does not involve bundles or spatial dimensions. Therefore, the Direct extraction method is the most suitable for this scenario, as it focuses on extracting explicit values with strict unit matching.",0,0,10,direct
Dior Sauvage Eau de Toilette 100ml,Screen Diagonal,True,"The extraction of 'Screen Diagonal' in this context is not directly applicable as the data provided does not pertain to screen dimensions. However, if we were to consider the extraction of the volume of the product, the 'Direct' strategy would be most relevant as it involves extracting the explicit value of 100ml. The 'Bundle' strategy is not applicable here since there is no summation of multiple items, and the 'Dimensions' strategy does not apply as there are no spatial dimensions related to screens in the provided data.",0,0,10,direct
70mai Dash Cam Pro Plus+ A500S,Screen Diagonal,True,"The extraction of 'Screen Diagonal' in this context is best suited for the DIRECT strategy, as it involves extracting a specific measurement (2.0 inch) that is explicitly stated in the product description. The BUNDLE strategy is not applicable here since there is no aggregation of multiple screen sizes or dimensions. The DIMENSIONS strategy could be considered, but it is less relevant since the screen size is clearly defined and does not require spatial context interpretation.",0,2,10,direct
Samsung Galaxy S24 Ultra 12/512GB Titanium Gray,Width (cm),True,"The extraction of 'Width (cm)' in this scenario is best suited for the DIMENSIONS strategy. The product is a smartphone, and its width is a spatial dimension that is typically associated with the physical characteristics of the device. The DIRECT strategy would not be effective here as there is no explicit width value provided in the data. The BUNDLE strategy is also not applicable since we are not dealing with multiple items or a sum of dimensions. Therefore, the DIMENSIONS strategy is the most appropriate for extracting width based on the context of the object.",0,10,0,dimensions
Lavazza Qualita Oro Coffee Beans 1kg,Screen Diagonal,True,"The extraction of 'Screen Diagonal' does not apply directly to the provided data, as it pertains to a product description of coffee beans rather than a screen or display measurement. However, if we were to consider the extraction of relevant dimensions or characteristics of the product, the DIMENSIONS strategy could be relevant in a broader context of product specifications. The DIRECT strategy is not applicable since there are no explicit numerical values related to screen diagonal. The BUNDLE strategy is also not applicable as there are no bundles or multiple items to consider in this context.",0,1,0,dimensions
Garmin Fenix 7X Sapphire Solar,Screen Diagonal,True,"The extraction of 'Screen Diagonal' from the provided data is best suited for the DIMENSIONS strategy. The product is a watch, and the context suggests that the screen size is a spatial dimension related to the watch's case size. The DIRECT strategy would not apply as there is no explicit mention of the screen diagonal, and the BUNDLE strategy is irrelevant since we are not dealing with multiple items or a sum. Therefore, the DIMENSIONS strategy is the most appropriate for extracting spatial information related to the product's screen size.",1,5,1,dimensions
Dior Sauvage Eau de Toilette 100ml,Width (cm),True,"The extraction of 'Width (cm)' is not directly applicable in this scenario as the provided data does not mention any width measurements. The focus is on volume (100ml), which is a different dimension. Therefore, the direct extraction score is low. The bundle score is also low since there are no items to sum or compare. The dimensions score is not applicable as there are no spatial dimensions provided. Thus, the best approach is to recognize that no relevant width data is present.",0,0,0,direct
70mai Dash Cam Pro Plus+ A500S,Width (cm),True,"The data provided does not explicitly mention the width of the product in centimeters. Therefore, the DIRECT extraction method would not yield a result. The BUNDLE method is not applicable as there are no multiple items or bundles to consider. The DIMENSIONS method could be relevant if the context of the product suggests a typical size for dash cams, but without specific dimensions provided, it cannot be effectively applied either. Thus, the best approach is to assign a low score to all methods due to the lack of explicit width information.",0,1,0,dimensions
Lavazza Qualita Oro Coffee Beans 1kg,Width (cm),True,"The data provided does not explicitly mention any dimensions or width measurements. The title and description focus on the product's characteristics and weight (1kg), but there is no reference to width in centimeters. Therefore, the direct extraction of a width value is not applicable. Since there are no bundles or multiple items mentioned, the bundle score is also irrelevant. The dimensions score is low as there is no spatial context provided for width extraction.",0,0,0,direct
Garmin Fenix 7X Sapphire Solar,Width (cm),True,"The width of the Garmin Fenix 7X Sapphire Solar is not explicitly stated in the provided data. However, the case size is mentioned as 51mm, which can be converted to centimeters (5.1cm). Since the extraction of 'Width (cm)' requires strict unit matching, the direct extraction would yield a score based on the explicit mention of width. The dimensions score is relevant here as it relates to the spatial context of the watch's case size. The bundle score is not applicable as there are no multiple items or bundles to consider.",0,8,5,dimensions
Samsung Galaxy S24 Ultra 12/512GB Titanium Gray,Depth,True,"The extraction of 'Depth' in this context is not directly applicable as there are no explicit depth values provided in the title or description. The product specifications focus on features like camera resolution and screen size, which do not relate to depth measurements. Therefore, the direct extraction method is not suitable. The bundle method is also not applicable since there are no multiple items or sums to consider. The dimensions method could be relevant if we were to consider the physical dimensions of the smartphone, but no specific depth measurement is provided. Thus, the scores reflect the lack of applicable data for depth extraction.",0,0,0,direct
Dior Sauvage Eau de Toilette 100ml,Depth,True,The extraction of 'Depth' in this scenario is best suited for the DIRECT strategy because the volume of the product is explicitly stated as '100ml'. This is a clear and direct value that can be extracted without ambiguity. The BUNDLE strategy is not applicable here as there are no multiple items to sum or compare. The DIMENSIONS strategy is also not relevant since the context does not involve spatial dimensions but rather a specific volume measurement.,0,0,10,direct
70mai Dash Cam Pro Plus+ A500S,Depth,True,"The extraction of 'Depth' in this context is not directly applicable as there are no explicit depth values provided in the data. The description focuses on features of the dash cam rather than spatial dimensions. Therefore, the most relevant extraction strategy would be DIMENSIONS, as it could potentially relate to the physical dimensions of the product, even though they are not explicitly mentioned. However, since there are no specific depth values or context provided, the scores reflect the lack of direct information.",0,5,0,dimensions
Lavazza Qualita Oro Coffee Beans 1kg,Depth,True,"The extraction of 'Depth' in this context is not directly applicable as there are no explicit depth values provided in the data. However, if we consider 'Depth' in terms of the richness of flavor or intensity, the description mentions 'Intensity 5/10', which could be interpreted as a measure of depth in flavor. Since this is a direct value, the DIRECT strategy would be the most appropriate. The BUNDLE strategy does not apply as there are no multiple items to sum or compare, and DIMENSIONS is not relevant as there are no spatial elements to consider.",1,1,8,direct
Samsung Galaxy S24 Ultra 12/512GB Titanium Gray,Sleeping Area Width,True,"The term 'Sleeping Area Width' does not appear in the provided data, which focuses on a smartphone's specifications. However, if we were to consider the dimensions of the smartphone, the '6.8-inch' display could be relevant. In this case, the dimensions extraction strategy would be most applicable, as it relates to the physical size of the device. The direct extraction would not yield a specific value for 'Sleeping Area Width' since it is not explicitly mentioned, and the bundle strategy is not relevant here as there are no multiple items to sum or compare. Therefore, the dimensions strategy is the most suitable for extracting relevant size information.",0,5,0,dimensions
Garmin Fenix 7X Sapphire Solar,Depth,True,"The extraction of 'Depth' in this context is best suited for the DIRECT strategy, as the description provides explicit dimensions (51mm case) that can be directly matched to a unit of measurement. The BUNDLE strategy is not applicable here since there are no multiple items or sums to consider. The DIMENSIONS strategy is also not relevant as the context does not involve spatial relationships or object context that would require spatial extraction.",1,1,10,direct
Dior Sauvage Eau de Toilette 100ml,Sleeping Area Width,True,"The extraction of 'Sleeping Area Width' does not directly apply to the provided data, which is about a fragrance product. However, if we were to consider the extraction of the volume of the product, the 'DIRECT' strategy would be the most relevant since it involves extracting an explicit value (100ml) with strict unit matching. The 'BUNDLE' strategy is not applicable here as there are no multiple items to sum or compare. The 'DIMENSIONS' strategy is also not relevant since there are no spatial dimensions related to a sleeping area in the context of this product.",0,0,5,direct
Lavazza Qualita Oro Coffee Beans 1kg,Sleeping Area Width,True,"The term 'Sleeping Area Width' does not directly relate to the provided data about coffee beans. However, if we were to consider the extraction of dimensions related to the product, we could infer that the width of the packaging might be relevant. Since the data does not provide explicit dimensions or a context that would allow for a spatial extraction, the most appropriate strategy would be to use the DIRECT method if any dimensions were provided. However, in this case, there are no explicit values or dimensions given, making it difficult to apply any of the strategies effectively. Therefore, the scores reflect the lack of applicable data for extraction.",0,0,0,direct
70mai Dash Cam Pro Plus+ A500S,Sleeping Area Width,True,"The term 'Sleeping Area Width' does not appear in the provided data, which focuses on a dash cam's features. However, if we were to consider the extraction of a related dimension, the 'Screen display 2.0 inch' could be relevant. In this case, the dimensions extraction algorithm would be most appropriate as it deals with spatial measurements related to the context of the product. The direct extraction would not yield a relevant value since there is no explicit mention of a width measurement related to a sleeping area. The bundle extraction is also not applicable here as there are no multiple items to sum or compare. Therefore, the dimensions score is the highest.",0,10,0,dimensions
Garmin Fenix 7X Sapphire Solar,Sleeping Area Width,True,"The term 'Sleeping Area Width' does not appear explicitly in the provided data. However, if we consider the context of the product, which is a watch, the dimensions of the watch case (51mm) could be relevant. Since the extraction is about a specific measurement related to a sleeping area, the most appropriate strategy would be DIMENSIONS, as it relates to the spatial aspect of the product. The DIRECT strategy would not apply since there is no explicit mention of 'Sleeping Area Width'. The BUNDLE strategy is also not applicable as there are no multiple items or sums involved in the context of the watch's dimensions.",0,5,0,dimensions
Dior Sauvage Eau de Toilette 100ml,Scale,True,"The extraction of 'Scale' in this scenario is best suited for the DIRECT strategy, as the volume is explicitly stated as '100ml' in the description. The BUNDLE strategy is not applicable here since there is no mention of multiple items or a sum of volumes. The DIMENSIONS strategy is also not relevant as the context does not involve spatial dimensions but rather a specific volume measurement.",0,0,10,direct
Samsung Galaxy S24 Ultra 12/512GB Titanium Gray,Scale,True,"The term 'Scale' in this context does not appear explicitly in the title or description. However, if we consider 'Scale' in terms of the size of the smartphone or its specifications, we can infer that the '6.8-inch' display size is a relevant dimension. Therefore, the dimensions extraction algorithm would be most appropriate for capturing the size aspect of the device. The direct extraction would not yield any results since 'Scale' is not mentioned directly, and the bundle extraction does not apply as there are no multiple items to sum or compare.",0,10,0,dimensions
Lavazza Qualita Oro Coffee Beans 1kg,Scale,True,"The term 'Scale' in this context refers to the weight of the coffee beans, which is explicitly stated as '1kg' in the title. Therefore, the DIRECT extraction algorithm is the most appropriate as it directly extracts the explicit value of the weight without needing to consider bundles or dimensions.",0,0,10,direct
Garmin Fenix 7X Sapphire Solar,Scale,True,"The extraction of 'Scale' in this context refers to the size of the watch, which is explicitly mentioned as '51mm case'. This is a direct measurement and does not involve bundles or spatial dimensions beyond the explicit size. Therefore, the Direct extraction method is the most appropriate, as it directly matches the unit of measurement (mm) with the explicit value provided.",0,0,10,direct
70mai Dash Cam Pro Plus+ A500S,Scale,True,"The term 'Scale' in this context does not have a direct numerical value associated with it in the provided data. The description focuses on features of the dash cam rather than dimensions or quantities. Therefore, the Direct extraction score is low. There are no bundles or multiple items to consider, so the Bundle score is also low. However, if we consider the screen display size (2.0 inch) as a dimension, the Dimensions score can be higher as it relates to the physical aspect of the product.",1,3,1,dimensions
Philips Hue White & Color Ambiance E27 Bulb,Max Torque,True,"The extraction of 'Max Torque' is not directly applicable to the provided data, as it pertains to a light bulb rather than a mechanical component where torque would be relevant. However, if we were to consider the extraction of relevant specifications, the Direct extraction could be used to find explicit values like lumens, while Bundle and Dimensions do not apply here as there are no bundles or spatial contexts relevant to torque.",1,1,5,direct
La Roche-Posay Effaclar Duo+ M 40ml,Max Torque,True,"The extraction of 'Max Torque' does not directly relate to the provided data about a skincare product. However, if we were to consider the extraction of a maximum value related to the product's volume or effectiveness, the Direct extraction would focus on the explicit volume of 40ml. The Bundle extraction would not apply here as there are no multiple items or sums to consider. Dimensions extraction is also not relevant as there are no spatial elements to extract. Therefore, the Direct extraction is the most applicable in this context.",1,1,8,direct
Spigen Ultra Hybrid Case for iPhone 13,Max Torque,True,"The term 'Max Torque' does not appear in the provided data, which focuses on a phone case. However, if we were to consider extracting a value related to the case's protective capabilities, we would likely look for explicit metrics or specifications. Since there are no numerical values or explicit torque measurements mentioned, the Direct extraction would score low. The Bundle extraction is not applicable as there are no items to sum or compare. Dimensions extraction is also not relevant as there are no spatial measurements provided. Therefore, the Direct score is the highest, but still low due to lack of explicit values.",0,0,1,direct
Hisense 50-inch 4K UHD Smart TV,Max Torque,True,"The extraction of 'Max Torque' is not directly applicable to the provided data, as it pertains to a TV's dimensions and specifications rather than mechanical properties. However, if we were to consider the dimensions of the TV, the 'DIMENSIONS' strategy could be relevant for extracting width and height. The 'DIRECT' strategy would not apply since there are no explicit torque values present. The 'BUNDLE' strategy is also not applicable as there are no sums or collections of items to consider. Therefore, the most relevant strategy would be 'DIMENSIONS' for extracting the width and height of the TV.",0,5,0,dimensions
Yamaha F310 Acoustic Guitar Natural,Max Torque,True,"The term 'Max Torque' does not appear in the provided data, which focuses on the specifications of a guitar. However, if we were to consider the extraction of torque values in a general context, 'Max Torque' would typically be a direct measurement related to performance specifications. In this case, since there are no explicit values or torque-related information in the data, the direct extraction would score low. The bundle score is also low as there are no items to sum or compare. Dimensions extraction is not applicable here as the context does not involve spatial measurements related to torque. Therefore, the direct score is 1, the bundle score is 1, and the dimensions score is 1, indicating that none of the strategies are relevant to the provided data.",1,1,1,direct
Spigen Ultra Hybrid Case for iPhone 13,Suction Power,True,"The extraction of 'Suction Power' is not directly applicable in this context as the provided data does not mention any suction power values or related metrics. The scenario does not involve bundles or dimensions either, as it focuses on a single product description without any comparative metrics. Therefore, the direct extraction score is low, and the bundle and dimensions scores are also low since they do not apply here.",1,1,1,direct
Philips Hue White & Color Ambiance E27 Bulb,Suction Power,True,"The extraction of 'Suction Power' is not directly applicable to the provided data, as it pertains to a smart LED bulb rather than a device that would typically have suction power (like a vacuum cleaner). However, if we were to consider the extraction of relevant metrics, the 'Direct' strategy would focus on explicit values like lumens, while 'Bundle' would not apply as there are no bundles of items to consider. 'Dimensions' could be relevant if we were discussing the physical size or context of the bulb, but it does not pertain to suction power. Therefore, the most relevant strategy would be 'Direct' for extracting explicit values, but it would yield a score of 0 for suction power since it is not applicable.",0,0,0,direct
Hisense 50-inch 4K UHD Smart TV,Suction Power,True,"The extraction of 'Suction Power' is not directly applicable to the provided data, as it pertains to a TV rather than a device that would typically have suction power (like a vacuum cleaner). However, if we were to consider the extraction of dimensions or specifications related to the TV, the 'DIMENSIONS' strategy could be relevant for extracting width and height. The 'DIRECT' strategy would not yield any results since there are no explicit suction power values present. The 'BUNDLE' strategy is also not applicable as there are no bundles of items to sum. Therefore, the most relevant strategy in this context would be 'DIMENSIONS' for extracting the physical dimensions of the TV.",0,5,0,dimensions
Yamaha F310 Acoustic Guitar Natural,Suction Power,True,"The term 'Suction Power' does not appear in the provided data, which focuses on the specifications of a guitar. However, if we were to consider the extraction of a related concept like 'sound power' or 'acoustic performance', the most relevant extraction strategy would be 'DIMENSIONS' as it relates to the spatial and acoustic properties of the guitar. 'DIRECT' would not apply since there are no explicit values for suction power, and 'BUNDLE' is not relevant as there are no multiple items to sum or compare.",0,5,0,dimensions
La Roche-Posay Effaclar Duo+ M 40ml,Suction Power,True,"The extraction of 'Suction Power' is not directly applicable to the provided data, as it does not mention suction power explicitly. However, if we consider the context of a skincare product, we might infer that suction power could relate to the effectiveness of the product in treating acne or impurities. Given that the product is a gel-cream, it does not have a physical suction mechanism, so the direct extraction would not yield a relevant value. The bundle score is also low since there are no multiple items or values to sum. The dimensions score is not applicable as there are no spatial dimensions related to suction power in this context. Therefore, the direct extraction method is the most relevant, but it still yields no explicit value.",0,0,1,direct
Yamaha F310 Acoustic Guitar Natural,Runtime,True,"The data provided does not contain any explicit mention of 'Runtime' or any time-related metrics. Therefore, the Direct extraction method would not yield any results. The BUNDLE method is also not applicable as there are no items or bundles to sum or compare. The DIMENSIONS method is irrelevant as there are no spatial dimensions or context related to time. Thus, all scores are low, reflecting the lack of relevant data for extraction.",0,0,0,direct
Philips Hue White & Color Ambiance E27 Bulb,Runtime,True,"The extraction of 'Runtime' in this context is not directly applicable as the provided data does not mention any runtime or duration-related information. However, if we were to consider the extraction strategies: 1. DIRECT would not yield any results since there are no explicit runtime values. 2. BUNDLE is also not relevant as there are no items to sum or compare. 3. DIMENSIONS does not apply here as there are no spatial dimensions related to runtime. Therefore, all scores are low, reflecting the lack of relevant data for extraction.",0,0,0,direct
Hisense 50-inch 4K UHD Smart TV,Runtime,True,"The extraction of 'Runtime' is not directly applicable in this context as the provided data does not contain any explicit runtime values. The dimensions of the TV are given, but they do not relate to a runtime metric. Therefore, the direct extraction score is low. The bundle score is also low since there are no items to sum or compare. The dimensions score is higher as the data includes specific measurements, but it still does not pertain to runtime. Overall, the best approach is to acknowledge the lack of relevant runtime data.",1,3,1,dimensions
Spigen Ultra Hybrid Case for iPhone 13,Runtime,True,"The extraction of 'Runtime' in this context is not directly applicable as the provided data does not contain any explicit runtime values or time-related metrics. The scenario does not involve bundles or dimensions either, as it focuses on a product description without any temporal or spatial context. Therefore, the direct score is low, and the bundle and dimensions scores are also low since they do not apply here.",0,0,0,direct
La Roche-Posay Effaclar Duo+ M 40ml,Runtime,True,"The extraction of 'Runtime' in this context does not apply directly as there is no explicit mention of a runtime value in the provided data. However, if we consider the context of the product, we can infer that the 'Runtime' could refer to the duration of effectiveness or usage of the product, which is not explicitly stated. Therefore, the direct extraction score is low. The bundle score is also low as there are no multiple items or quantities to sum. The dimensions score is not applicable as there are no spatial elements to extract. Overall, the best approach is to recognize that there is no clear 'Runtime' to extract from the given data.",1,1,1,direct
Yamaha F310 Acoustic Guitar Natural,Display Size,True,"The data provided does not contain any explicit mention of a display size, such as dimensions or screen size. Therefore, the DIRECT extraction method would not yield any results. The BUNDLE method is also not applicable as there are no items to sum or compare. The DIMENSIONS method could potentially be relevant if we consider the physical dimensions of the guitar, but the description lacks specific measurements. Thus, the best approach is to assign a low score to all methods due to the absence of relevant data.",0,1,0,dimensions
Hisense 50-inch 4K UHD Smart TV,Display Size,True,"The display size is explicitly mentioned in the title as '50-inch', which is a direct measurement of the TV's diagonal size. The description also provides dimensions in inches and centimeters, but the most relevant and clear extraction comes from the title. Therefore, the DIRECT strategy is the most suitable for extracting the display size.",1,5,10,direct
Philips Hue White & Color Ambiance E27 Bulb,Display Size,True,"The display size in this context refers to the specifications of the Philips Hue bulb. The relevant information is the lumens, which indicates brightness rather than a physical display size. However, since the term 'Display Size' is not explicitly mentioned in the data, the extraction algorithm should focus on direct values related to the bulb's specifications. The 'Direct' strategy is most applicable here as it seeks explicit values, but since there is no direct mention of a display size, the score reflects the lack of relevant data.",0,0,0,direct
Spigen Ultra Hybrid Case for iPhone 13,Display Size,True,"The data provided does not contain any explicit values for 'Display Size'. The title and description focus on the product features and compatibility but do not mention any specific dimensions or sizes. Therefore, the Direct extraction method is not applicable as there are no explicit values to extract. The Bundle method is also not relevant since there are no multiple items or sizes to sum or compare. The Dimensions method could be considered if there were contextual clues about the size of the iPhone 13, but since the display size is not mentioned, it cannot be effectively applied either. Thus, all scores are low due to the lack of relevant information.",0,0,0,direct
La Roche-Posay Effaclar Duo+ M 40ml,Display Size,True,"The display size in this context refers to the volume of the product, which is explicitly stated as '40ml'. This is a direct extraction of a specific value, making the DIRECT strategy the most appropriate. The BUNDLE strategy is not applicable here as there is no mention of multiple items or a sum of sizes. The DIMENSIONS strategy is also not relevant since we are not dealing with spatial dimensions but rather a volume measurement.",0,0,10,direct
Yamaha F310 Acoustic Guitar Natural,Viewing Angle,True,"The 'Viewing Angle' is not explicitly mentioned in the provided data. Therefore, the DIRECT extraction method would not yield any results. The BUNDLE method is also not applicable as there are no multiple items or sums to consider. The DIMENSIONS method could potentially apply if we were to infer the viewing angle based on the description of the guitar's body shape and materials, but this is speculative and not directly supported by the text. Thus, the DIMENSIONS method is the most relevant, but it still lacks concrete data to extract a specific value.",0,5,0,dimensions
Philips Hue White & Color Ambiance E27 Bulb,Viewing Angle,True,"The 'Viewing Angle' is not explicitly mentioned in the provided data, which means a direct extraction would not yield any results. However, if we consider the context of the product, the 'Viewing Angle' could be inferred from the type of bulb and its application in lighting, which suggests a spatial dimension. Therefore, the dimensions extraction method would be more appropriate in this case, as it allows for contextual interpretation based on the product type. The bundle method is not applicable here since there are no multiple items or sums to consider.",0,5,0,dimensions
Hisense 50-inch 4K UHD Smart TV,Viewing Angle,True,"The 'Viewing Angle' is typically a spatial characteristic related to the dimensions of the TV and how it can be viewed from different positions. Since the data provided includes dimensions (width and height), the DIMENSIONS strategy is most appropriate for extracting the viewing angle, as it relates to the spatial context of the TV. The DIRECT strategy would not apply here since there are no explicit values for viewing angle given, and the BUNDLE strategy is not relevant as we are not summing or comparing multiple items.",0,10,0,dimensions
Spigen Ultra Hybrid Case for iPhone 13,Viewing Angle,True,"The extraction of 'Viewing Angle' is not directly applicable in this scenario as the provided data does not mention any specific angles or dimensions related to viewing. The 'DIRECT' strategy would not yield any results since there are no explicit values for viewing angles. The 'BUNDLE' strategy is also not relevant as there are no multiple items or sums to consider. The 'DIMENSIONS' strategy could potentially apply if there were context about the case's design affecting viewing angles, but in this case, it is not applicable either. Therefore, all strategies score low due to the lack of relevant data.",0,0,0,direct
Yamaha F310 Acoustic Guitar Natural,Battery Life,True,"The data provided does not contain any explicit mention of battery life, as it pertains to a guitar rather than an electronic device. Therefore, the direct extraction of battery life values is not applicable. The bundle score is also irrelevant since there are no items to sum or compare. Dimensions extraction is not applicable either, as there are no spatial measurements related to battery life. Thus, all scores are low due to the lack of relevant data.",0,0,0,direct
La Roche-Posay Effaclar Duo+ M 40ml,Viewing Angle,True,"The extraction of 'Viewing Angle' in this context is not directly applicable as the provided data does not contain any explicit values related to angles or dimensions. The product description focuses on the characteristics of a skincare product rather than spatial or angular measurements. Therefore, the most relevant strategy would be to use the DIRECT approach, but since there are no explicit values to extract, the score is low. The BUNDLE and DIMENSIONS strategies are also not applicable as there are no bundles or spatial dimensions mentioned in the data.",0,0,1,direct
Philips Hue White & Color Ambiance E27 Bulb,Battery Life,True,"The extraction of 'Battery Life' is not directly applicable to the provided data, as it does not mention battery life or any related metrics. The Direct extraction would yield no results since there are no explicit values for battery life. The Bundle extraction is also irrelevant as there are no items to sum or compare. Dimensions extraction does not apply here either, as there are no spatial or contextual dimensions related to battery life in the description. Therefore, all scores are low due to the lack of relevant information.",0,0,0,direct
Hisense 50-inch 4K UHD Smart TV,Battery Life,True,"The extraction of 'Battery Life' is not directly applicable to the provided data, as it pertains to a TV rather than a battery-operated device. However, if we were to consider the context of battery life in relation to devices, the DIRECT strategy would be the most relevant if there were explicit battery life values provided. Since there are no such values in the data, the scores reflect the lack of applicable information.",0,0,0,direct
Spigen Ultra Hybrid Case for iPhone 13,Battery Life,True,"The data provided does not contain explicit values related to battery life, nor does it imply any bundle of items that would affect battery life. Therefore, the direct extraction of battery life values is not applicable. Additionally, there are no spatial dimensions or context that would relate to battery life in this scenario. Thus, the direct score is low, the bundle score is low, and the dimensions score is also low.",1,1,1,direct
La Roche-Posay Effaclar Duo+ M 40ml,Battery Life,True,"The extraction of 'Battery Life' is not directly applicable to the provided data, as it pertains to a skincare product rather than a device with battery specifications. However, if we were to consider the context of extracting relevant information, the 'DIRECT' strategy would be the most appropriate for extracting explicit values related to the product's volume (40ml). The 'BUNDLE' strategy is not relevant here as there are no multiple items to sum or compare. The 'DIMENSIONS' strategy does not apply as there are no spatial dimensions to extract in relation to battery life.",0,0,5,direct
Yamaha F310 Acoustic Guitar Natural,Curvature,True,"The extraction of 'Curvature' in this context is not directly applicable as the data provided does not contain explicit numerical values or measurements related to curvature. The guitar's description focuses on materials and design features rather than geometric properties. Therefore, the direct extraction score is low. The bundle score is also low since there are no items to sum or compare. The dimensions score is slightly higher as curvature could relate to the shape of the guitar body, but it is still not explicitly mentioned or quantifiable in the provided data.",1,2,1,dimensions
Philips Hue White & Color Ambiance E27 Bulb,Curvature,True,"The extraction of 'Curvature' in this context does not directly apply as the data provided does not contain any explicit values related to curvature. The product description focuses on features of a smart LED bulb rather than any geometrical or physical properties that would involve curvature. Therefore, the direct extraction score is low. The bundle score is also low since there are no items to sum or compare. The dimensions score is not applicable as there are no spatial dimensions related to curvature mentioned in the data.",1,1,1,direct
Hisense 50-inch 4K UHD Smart TV,Curvature,True,"The extraction of 'Curvature' in this context is not directly applicable as the data provided does not mention curvature explicitly. However, if we consider the dimensions of the TV, we can infer that curvature might relate to the physical dimensions and shape of the screen. Since the data includes width, height, and diagonal measurements, the most relevant extraction strategy would be DIMENSIONS, as it focuses on spatial extraction based on object context. The DIRECT strategy would not apply since there are no explicit curvature values given, and the BUNDLE strategy is not relevant as we are not summing or comparing multiple items.",0,10,0,dimensions
Spigen Ultra Hybrid Case for iPhone 13,Curvature,True,"The term 'Curvature' is not explicitly mentioned in the provided data. However, if we consider the context of a phone case, curvature could refer to the design features of the case that align with the phone's shape. Since there are no explicit values or measurements provided, the Direct extraction method is not applicable. The Bundle method is also not relevant as there are no multiple items or sums to consider. The Dimensions method could be relevant if we were to infer the curvature based on the design context of the case, but without specific spatial data, it remains speculative. Therefore, the Dimensions method is the most suitable for extracting information related to curvature in this context, albeit indirectly.",0,5,0,dimensions
La Roche-Posay Effaclar Duo+ M 40ml,Curvature,True,"The extraction of 'Curvature' in this context is not directly applicable as the data provided does not contain any explicit curvature values or measurements. The product description focuses on skincare attributes rather than geometric or spatial characteristics. Therefore, the most relevant extraction strategy would be to consider the dimensions of the product, specifically the volume of the tube (40ml), which relates to the physical dimensions of the product rather than curvature. However, since curvature is not explicitly mentioned or implied in the data, the scores reflect the lack of direct relevance to the term 'Curvature'.",0,1,0,dimensions
Yamaha F310 Acoustic Guitar Natural,Bowl Capacity,True,"The data provided does not contain any explicit values related to 'Bowl Capacity'. The title and description focus on the specifications of a guitar, which does not relate to bowl capacity. Therefore, the direct extraction score is low. There are no bundles or multiple items to consider, so the bundle score is also low. The dimensions score is not applicable as there are no spatial dimensions related to a bowl in the provided data.",0,0,0,direct
Philips Hue White & Color Ambiance E27 Bulb,Bowl Capacity,True,"The extraction of 'Bowl Capacity' does not directly apply to the provided data, as it pertains to a light bulb rather than a bowl. However, if we were to consider the context of capacity in terms of lumens, we could argue that the 'Bowl Capacity' could relate to the brightness output of the bulb. In this case, the direct extraction of lumens (1100) would be the most relevant. Since there are no bundles or dimensions to consider in this context, the direct extraction is the most suitable approach.",0,0,10,direct
Yamaha F310 Acoustic Guitar Natural,Power,True,"The extraction of 'Power' in this context does not directly relate to explicit values or measurements, as the provided data focuses on the specifications of a guitar rather than any power-related metrics. Therefore, the Direct score is low. The Bundle score is also low since there are no items to sum or compare in terms of power. The Dimensions score is not applicable here as there are no spatial elements related to power in the description.",1,1,1,direct
Hisense 50-inch 4K UHD Smart TV,Bowl Capacity,True,"The extraction of 'Bowl Capacity' is not directly applicable to the provided data, as it pertains to a TV's dimensions rather than a bowl's capacity. However, if we were to consider the dimensions of the TV, the 'DIRECT' strategy could be used to extract explicit values like width and height, but they do not relate to bowl capacity. The 'BUNDLE' strategy is not relevant here as there are no bundles of items to sum. The 'DIMENSIONS' strategy could be considered if we were to analyze the spatial context of the TV, but again, it does not pertain to bowl capacity. Therefore, the most relevant score would be for 'DIRECT' as it can extract explicit values, but it would still yield a low relevance to the concept of bowl capacity.",0,1,2,direct
Spigen Ultra Hybrid Case for iPhone 13,Bowl Capacity,True,"The data provided does not contain any explicit mention of 'Bowl Capacity' or any related measurements. The extraction of 'Bowl Capacity' would typically require direct numerical values or context that indicates a capacity measurement, which is absent here. Therefore, the direct extraction score is low. The bundle score is also low as there are no items to sum or compare. The dimensions score is not applicable since there are no spatial dimensions related to a bowl or its capacity in the provided data.",0,0,0,direct
Hisense 50-inch 4K UHD Smart TV,Power,True,"The extraction of 'Power' in this context is not directly applicable as the provided data does not include any explicit mention of power consumption or power ratings. The dimensions and resolution are provided, but they do not relate to power. Therefore, the direct extraction score is low. The bundle score is also low since there are no items to sum or compare. The dimensions score is higher as it relates to the physical attributes of the TV, but still does not pertain to power. Overall, the best approach is to acknowledge the lack of relevant power data.",1,2,1,dimensions
Philips Hue White & Color Ambiance E27 Bulb,Power,True,"The extraction of 'Power' in this context relates to the brightness of the bulb, which is indicated by the 1100 lumens specification. Since this is a direct measurement of light output, the DIRECT extraction algorithm is most appropriate. The BUNDLE algorithm is not relevant here as there are no multiple items to sum or compare. The DIMENSIONS algorithm does not apply as there is no spatial context needed for this extraction.",0,0,10,direct
La Roche-Posay Effaclar Duo+ M 40ml,Bowl Capacity,True,"The extraction of 'Bowl Capacity' in this context is not directly applicable as the data provided pertains to a cosmetic product rather than a bowl. However, if we consider the '40ml' mentioned in the description, it can be treated as a capacity measurement. The 'DIRECT' strategy would be the most relevant here since it involves extracting explicit values with strict unit matching, which in this case is the 40ml capacity of the product. The 'BUNDLE' strategy is not applicable as there are no multiple items to sum or compare. The 'DIMENSIONS' strategy is also not relevant as it pertains to spatial extraction based on object context, which does not apply to this product description.",0,0,10,direct
Spigen Ultra Hybrid Case for iPhone 13,Power,True,"The extraction of 'Power' in this context does not directly relate to explicit values or measurements, as the product description focuses on the features of a phone case rather than any power-related metrics. Therefore, the Direct extraction score is low. The Bundle score is also low since there are no multiple items or sums to consider in the description. The Dimensions score is not applicable here as there are no spatial dimensions or context related to power. Overall, the best approach is to recognize that the product does not provide relevant data for power extraction.",1,1,1,direct
Yamaha F310 Acoustic Guitar Natural,Volume,True,"The data provided does not contain explicit volume measurements or context that would allow for spatial extraction. The description focuses on the materials and features of the guitar rather than any volumetric information. Therefore, the most appropriate extraction strategy is DIRECT, but since there are no explicit volume values present, the score is low. BUNDLE is not applicable as there are no items to sum or compare. DIMENSIONS is also not applicable as there is no spatial context provided.",0,0,1,direct
Hisense 50-inch 4K UHD Smart TV,Volume,True,"The extraction of 'Volume' in this scenario is best approached through the DIMENSIONS strategy. The provided data includes width and height, which are essential for calculating the volume of the TV. The DIRECT strategy would not be suitable as there are no explicit volume values given, and the BUNDLE strategy does not apply since we are not summing multiple items but rather calculating a single object's volume based on its dimensions.",0,10,0,dimensions
Philips Hue White & Color Ambiance E27 Bulb,Volume,True,"The extraction of 'Volume' in this context is not directly applicable as the provided data does not include any explicit volume measurements. The product description focuses on features like color, brightness (lumens), and compatibility rather than physical dimensions or volume. Therefore, the Direct extraction score is low. The Bundle score is also low since there are no multiple items or bundles mentioned. The Dimensions score is not applicable as there are no spatial dimensions provided either. Overall, the best approach is to recognize that volume extraction is not relevant here.",1,1,1,direct
La Roche-Posay Effaclar Duo+ M 40ml,Power,True,"The extraction of 'Power' in this context is not directly applicable as the product does not provide explicit values related to power, such as wattage or energy output. The product is a cosmetic item, and the relevant extraction would focus on its volume (40ml) rather than any power-related metrics. Therefore, the direct extraction score is low. The bundle score is also low since there are no multiple items or quantities to sum. The dimensions score is not applicable as there are no spatial dimensions related to power in this context.",1,1,1,direct
Spigen Ultra Hybrid Case for iPhone 13,Volume,True,"The data provided does not contain explicit volume measurements or dimensions related to the product. The title and description focus on the product's features and compatibility rather than its physical size or volume. Therefore, the extraction algorithm should prioritize direct extraction for any explicit volume values, but since none are present, the direct score is low. The bundle score is also low as there are no items to sum or compare. The dimensions score is also low since there are no spatial dimensions provided in the text.",1,1,1,direct
La Roche-Posay Effaclar Duo+ M 40ml,Volume,True,The volume extraction for this product is straightforward as it explicitly states '40ml' in the title and description. The DIRECT strategy is most applicable here since it involves extracting a specific volume measurement without ambiguity. The BUNDLE strategy is less relevant as there is no indication of multiple items or a sum of volumes. The DIMENSIONS strategy does not apply as the context does not involve spatial dimensions but rather a specific volume measurement.,2,1,10,direct
Yamaha F310 Acoustic Guitar Natural,Read Speed,True,"The data provided does not contain any explicit values related to 'Read Speed'. The description focuses on the physical attributes of the guitar rather than any performance metrics like speed. Therefore, the direct extraction score is low. There are no bundles or multiple items to consider, so the bundle score is also low. Dimensions extraction is not applicable as there are no spatial measurements or context related to speed. Overall, the best approach is to use the direct extraction method, but it will yield no results in this case.",0,0,0,direct
Hisense 50-inch 4K UHD Smart TV,Read Speed,True,"The extraction of 'Read Speed' does not directly apply to the provided data, as there is no mention of speed or related metrics. However, if we consider the context of the TV's specifications, we can analyze the potential for extracting relevant information. The 'DIRECT' strategy would not yield results since there are no explicit values for speed. The 'BUNDLE' strategy is also not applicable as there are no items to sum or compare. The 'DIMENSIONS' strategy could be relevant if we were to consider the physical dimensions of the TV, but it does not pertain to 'Read Speed'. Therefore, all scores are low due to the lack of relevant data.",0,1,0,dimensions
Spigen Ultra Hybrid Case for iPhone 13,Read Speed,True,"The extraction of 'Read Speed' does not apply directly to the provided data, as there are no explicit values or measurements related to speed. The data focuses on a product description without any numerical or speed-related information. Therefore, the direct extraction score is low. The bundle score is also low since there are no items to sum or compare. The dimensions score is not applicable as there are no spatial dimensions mentioned in the context of speed. Overall, the best approach is to recognize that the data does not contain relevant information for 'Read Speed'.",0,0,0,direct
Philips Hue White & Color Ambiance E27 Bulb,Read Speed,True,"The extraction of 'Read Speed' from the provided data does not directly relate to the content, as the data focuses on a smart LED bulb's features rather than any reading speed metrics. However, if we were to consider the extraction of relevant numerical values, the 'Direct' strategy would be the most applicable since it would involve extracting explicit values like '1100 lumens'. The 'Bundle' strategy is not relevant here as there are no bundles or sums to consider, and the 'Dimensions' strategy does not apply as there are no spatial dimensions related to reading speed in the context of the bulb's description.",0,0,8,direct
Yamaha F310 Acoustic Guitar Natural,Weight,True,"The data provided does not contain any explicit weight values for the Yamaha F310 Acoustic Guitar. Therefore, the Direct extraction score is low. There are no bundles or multiple items to consider, so the Bundle score is also low. The Dimensions extraction is not applicable as there are no spatial measurements or context related to weight. Overall, the best approach here is Direct, but it yields no results.",0,0,0,direct
La Roche-Posay Effaclar Duo+ M 40ml,Read Speed,True,"The extraction of 'Read Speed' in this context does not apply directly as there are no explicit values related to reading speed in the provided data. The data focuses on a skincare product and its attributes rather than any measurable speed. Therefore, the direct extraction score is low. The bundle score is also low since there are no items to sum or compare. The dimensions score is not applicable as there are no spatial elements related to reading speed in the context of the product description.",0,0,0,direct
Hisense 50-inch 4K UHD Smart TV,Weight,True,"The weight extraction for this scenario is not directly applicable as the provided data does not include any explicit weight values. The dimensions provided (width, height, diagonal) do not relate to weight, and there are no bundles or multiple items to consider. Therefore, the direct score is low, and the bundle and dimensions scores are also low since they do not pertain to weight extraction.",0,0,0,direct
Spigen Ultra Hybrid Case for iPhone 13,Weight,True,"The data provided does not contain any explicit weight values or measurements. Therefore, the Direct extraction score is low. There are no bundles or multiple items to consider, so the Bundle score is also low. The Dimensions extraction is not applicable as there are no spatial dimensions mentioned in the context of weight. Overall, the extraction algorithm for 'Weight' in this scenario is not applicable due to the absence of relevant data.",0,0,0,direct
Philips Hue White & Color Ambiance E27 Bulb,Weight,True,"The weight extraction for this product is primarily based on the explicit mention of lumens, which indicates brightness rather than weight. There are no direct references to the weight of the bulb in the provided data. Therefore, the direct extraction score is low. The bundle score is also low since there is no indication of multiple items or a sum of weights. The dimensions score is not applicable as there are no spatial dimensions provided either. Overall, the extraction algorithm that fits best is DIRECT, but it yields a low score due to the absence of weight information.",0,0,0,direct
La Roche-Posay Effaclar Duo+ M 40ml,Weight,True,"The weight extraction for this product is straightforward as it explicitly mentions the volume of the product (40ml). This is a direct measurement and does not involve bundles or spatial dimensions. Therefore, the Direct score is high, while Bundle and Dimensions scores are low since they are not applicable in this context.",1,1,10,direct
Yamaha F310 Acoustic Guitar Natural,Max Load,True,"The extraction of 'Max Load' in this context does not directly relate to the provided data about the Yamaha F310 Acoustic Guitar, as there are no explicit values or measurements related to load capacity. However, if we were to consider the weight of the guitar as a potential 'load', we would need to assess the extraction strategies. The DIRECT strategy would not apply here since there are no explicit weight values given. The BUNDLE strategy is also not relevant as there are no bundles of items or sums to consider. The DIMENSIONS strategy could be applicable if we were to infer weight based on the materials and dimensions of the guitar, but again, no specific dimensions are provided. Therefore, the most appropriate score would reflect the lack of relevant data for extraction.",0,1,0,dimensions
Hisense 50-inch 4K UHD Smart TV,Max Load,True,"The extraction of 'Max Load' is not directly applicable in this scenario as the provided data does not include any explicit mention of load capacity or weight limits. However, we can analyze the potential strategies: 1. DIRECT would not yield any results since there are no explicit values for load. 2. BUNDLE is also not applicable as there are no bundles or items to sum related to load. 3. DIMENSIONS could be relevant if we were considering the physical dimensions of the TV in relation to its mounting or placement, but it does not directly provide a 'Max Load' value either. Therefore, all strategies score low due to the lack of relevant data.",0,1,0,dimensions
Spigen Ultra Hybrid Case for iPhone 13,Max Load,True,"The extraction of 'Max Load' in this context is not directly applicable as the provided data does not specify any load capacity or weight limit for the case. The scenario does not involve bundles or dimensions that would typically relate to load capacity either. Therefore, the most relevant extraction method would be DIRECT, but since there are no explicit values provided, the score is low. BUNDLE and DIMENSIONS are not applicable as there are no items to sum or spatial dimensions to consider.",0,0,1,direct
Philips Hue White & Color Ambiance E27 Bulb,Max Load,True,"The extraction of 'Max Load' in this context is not directly applicable as the provided data does not specify a load value. However, if we consider the context of a smart LED bulb, the most relevant extraction strategy would be to look for explicit values related to power consumption or brightness. The '1100 lumens' mentioned indicates brightness but does not directly correlate to a load value. Therefore, the Direct extraction would score higher for explicit values, while Bundle and Dimensions are less relevant here as they pertain to summing items or spatial context, which do not apply to this single product description.",2,1,8,direct
La Roche-Posay Effaclar Duo+ M 40ml,Max Load,True,"The extraction of 'Max Load' in this context would focus on the volume of the product, which is explicitly stated as '40ml'. Since this is a direct measurement of the product's capacity, the DIRECT extraction algorithm is the most suitable. The BUNDLE algorithm is not applicable here as there are no multiple items to sum, and DIMENSIONS does not apply since we are not dealing with spatial context but rather a specific volume measurement.",1,1,10,direct
Yamaha F310 Acoustic Guitar Natural,Luminous Flux,True,"The term 'Luminous Flux' is not directly related to the provided data about the Yamaha F310 Acoustic Guitar. However, if we were to consider the extraction of any relevant values, the 'DIRECT' strategy would be the most applicable for extracting explicit values such as the number of strings (6). The 'BUNDLE' strategy does not apply here as there are no bundles of items to sum. The 'DIMENSIONS' strategy is also not relevant since there are no spatial dimensions provided in the context of luminous flux. Therefore, the direct extraction of explicit values is the most suitable approach.",1,1,8,direct
Hisense 50-inch 4K UHD Smart TV,Luminous Flux,True,"The term 'Luminous Flux' typically refers to the measure of the perceived power of light, often expressed in lumens. In the provided data, there is no explicit mention of luminous flux or any related values. The dimensions provided (width, height, diagonal) do not pertain to luminous flux directly. Therefore, the direct extraction score is low. The bundle score is also low since there are no multiple items or sums to consider. The dimensions score is slightly higher as the context of the object (TV) may relate to its light output, but still does not provide explicit luminous flux values.",1,2,1,dimensions
Spigen Ultra Hybrid Case for iPhone 13,Luminous Flux,True,"The data provided does not contain any explicit values related to 'Luminous Flux', which typically refers to the measure of the perceived power of light. Since there are no numerical values or units related to luminous flux in the title or description, the DIRECT extraction algorithm would not be applicable. The BUNDLE algorithm is also not relevant here as there are no items to sum or compare. The DIMENSIONS algorithm is not suitable either, as there is no spatial context or object related to light measurement. Therefore, all scores are low, indicating that none of the strategies are effective for this data.",0,0,0,direct
Philips Hue White & Color Ambiance E27 Bulb,Luminous Flux,True,"The extraction of 'Luminous Flux' in this context is best suited for the DIRECT strategy, as the value of 1100 lumens is explicitly stated in the product description. The BUNDLE strategy is not applicable here since there is no mention of multiple items or a sum of values. The DIMENSIONS strategy is also not relevant as the context does not involve spatial extraction. Therefore, the direct extraction of the luminous flux value is the most appropriate approach.",0,0,10,direct
La Roche-Posay Effaclar Duo+ M 40ml,Luminous Flux,True,"The term 'Luminous Flux' typically refers to the measure of the perceived power of light, which is usually expressed in lumens. In the provided data, there is no explicit mention of luminous flux or any related measurements. The product description focuses on a skincare item and does not provide any numerical values or units that would relate to luminous flux. Therefore, the direct extraction score is low. The bundle score is also low since there are no multiple items or sums to consider. The dimensions score is not applicable as there is no spatial context related to luminous flux in the description.",1,1,1,direct
Yamaha F310 Acoustic Guitar Natural,Power Source,True,"The extraction of 'Power Source' from the provided data is not applicable as there is no mention of a power source in the title or description of the Yamaha F310 Acoustic Guitar. The guitar is a musical instrument that does not require a power source, making the extraction irrelevant. Therefore, all scores are low as there are no explicit values or bundles to extract.",0,0,0,direct
Spigen Ultra Hybrid Case for iPhone 13,Power Source,True,"The extraction of 'Power Source' from the provided data is not applicable as there is no mention of a power source in the title or description. The scenario does not fit any of the extraction algorithms since there are no explicit values, bundles, or spatial dimensions related to a power source.",0,0,0,direct
Hisense 50-inch 4K UHD Smart TV,Power Source,True,"The extraction of 'Power Source' from the provided data is not directly applicable as there is no explicit mention of the power source in the title or description. However, if we were to consider the context of the product, we might infer that it typically uses a standard power source for electronic devices. Since there are no specific values or bundles related to power sources, the direct extraction would score low. The bundle score is also low as there are no items to sum or compare. The dimensions score is irrelevant here as we are not extracting spatial data related to power sources. Therefore, the direct score is 0, the bundle score is 0, and the dimensions score is 0.",0,0,0,direct
La Roche-Posay Effaclar Duo+ M 40ml,Power Source,True,"The power source in this context refers to the volume of the product, which is explicitly stated as '40ml'. This is a direct extraction of a specific measurement, making the DIRECT strategy the most appropriate. The BUNDLE strategy is not applicable here as there is no summation of multiple items, and the DIMENSIONS strategy does not apply since we are not dealing with spatial context.",0,0,10,direct
Yamaha F310 Acoustic Guitar Natural,Cutting Width,True,"The term 'Cutting Width' is not explicitly mentioned in the provided data. However, if we consider the context of a guitar, it may relate to the width of the neck or the body of the guitar. Since there are no specific measurements or values provided, the extraction would rely on the context of the guitar's dimensions rather than explicit values. Therefore, the DIMENSIONS strategy is more applicable here, as it would focus on the spatial characteristics of the guitar rather than extracting a specific numerical value or summing items.",0,10,0,dimensions
Philips Hue White & Color Ambiance E27 Bulb,Power Source,True,"The extraction of 'Power Source' from the provided data does not explicitly mention a power source. However, the context of a smart LED bulb suggests it operates on electricity. The extraction strategy should focus on direct extraction of explicit values, but since there are no specific power source details provided, the direct score is low. The bundle score is also low as there are no multiple items or sums to consider. The dimensions score is not applicable as there are no spatial elements related to power source. Therefore, the direct extraction is the most relevant strategy, but it still yields a low score due to lack of explicit information.",1,0,2,direct
Hisense 50-inch 4K UHD Smart TV,Cutting Width,True,"The extraction of 'Cutting Width' in this context refers to the explicit measurement of the width of the TV, which is provided directly in the description. The width is stated as '44 inches', making it a clear candidate for direct extraction. The other strategies, such as bundle and dimensions, are less relevant here since we are not dealing with multiple items or spatial context that requires dimensional analysis.",2,3,10,direct
Spigen Ultra Hybrid Case for iPhone 13,Cutting Width,True,"The term 'Cutting Width' does not appear explicitly in the provided data. However, if we consider the context of the product, which is a phone case, the extraction of dimensions or specific measurements related to the case could be relevant. Since there are no explicit values or measurements given in the title or description, the direct extraction score is low. The bundle score is also low as there are no multiple items or sums to consider. The dimensions score could be higher if we were to infer that the case has specific dimensions related to the iPhone 13, but without explicit information, it remains moderate.",1,3,1,dimensions
Philips Hue White & Color Ambiance E27 Bulb,Cutting Width,True,"The term 'Cutting Width' does not appear explicitly in the provided data, which means a direct extraction is not possible. However, if we consider the context of the product, 'Cutting Width' could relate to the dimensions of the bulb or its compatibility with fixtures. Since the description does not provide specific measurements or dimensions, the dimensions extraction would not yield a result either. The bundle extraction is also not applicable here as there are no multiple items or sums to consider. Therefore, the most suitable approach is to use the direct extraction method, but it will score low due to the absence of explicit values.",0,0,1,direct
Yamaha F310 Acoustic Guitar Natural,Collector Volume,True,"The term 'Collector Volume' is not explicitly mentioned in the provided data. However, if we consider the context of musical instruments, particularly guitars, the volume could refer to the overall sound output or the physical dimensions of the guitar body. Since the description includes details about the body type (Traditional Western) and materials (Spruce top, Meranti back and sides), it suggests a focus on the physical characteristics rather than a specific volume measurement. Therefore, the extraction strategy should prioritize dimensions over direct values or bundles.",1,5,1,dimensions
La Roche-Posay Effaclar Duo+ M 40ml,Cutting Width,True,"The term 'Cutting Width' does not appear explicitly in the provided data. However, if we consider 'Cutting Width' in the context of extracting a specific measurement or dimension related to the product, we can analyze the available options. The product description includes a volume measurement (40ml), which is a direct value. Therefore, the Direct extraction algorithm is most suitable for extracting this explicit value. The Bundle algorithm is less relevant here as there is no indication of multiple items or a sum of measurements. The Dimensions algorithm could apply if we were considering the physical dimensions of the product, but since we only have a volume measurement, it is not the primary focus. Thus, the Direct extraction is the most appropriate choice for extracting the 'Cutting Width' in this context.",2,5,8,direct
Hisense 50-inch 4K UHD Smart TV,Collector Volume,True,"The extraction of 'Collector Volume' in this context is best suited for the DIMENSIONS strategy. The dimensions provided (Width, Height, and Diagonal) are spatial measurements that can be used to calculate the volume of the TV. The DIRECT strategy would not be applicable as there is no explicit volume value given, and the BUNDLE strategy is not relevant since we are not dealing with multiple items or sums. Therefore, the DIMENSIONS strategy is the most appropriate for extracting the volume based on the provided dimensions.",0,10,0,dimensions
Spigen Ultra Hybrid Case for iPhone 13,Collector Volume,True,"The term 'Collector Volume' does not appear explicitly in the provided data. However, if we were to consider the context of the product, it seems to relate to the volume of the case itself, which could be inferred from dimensions or size. Since there are no explicit numerical values or units provided in the description, the Direct extraction would not be applicable. The Bundle extraction is also not relevant as there are no multiple items or sums to consider. The Dimensions extraction could be relevant if we had specific measurements of the case, but since we do not, it is difficult to apply this strategy effectively. Therefore, the best approach would be to assign a low score to all strategies due to the lack of explicit data.",0,1,0,dimensions
Yamaha F310 Acoustic Guitar Natural,DPI,True,"The extraction of 'DPI' (dots per inch) is not directly applicable in this context as the provided data does not contain any explicit numerical values or dimensions related to DPI. The description focuses on the physical attributes of the guitar rather than any measurement that could relate to DPI. Therefore, the direct extraction score is low. The bundle score is also low since there are no items to sum or compare. The dimensions score is low as well since there are no spatial dimensions provided that could relate to DPI measurements.",1,1,1,direct
La Roche-Posay Effaclar Duo+ M 40ml,Collector Volume,True,"The term 'Collector Volume' refers to the volume of the product, which in this case is explicitly stated as '40ml'. This is a direct extraction of a specific value, making the DIRECT strategy the most appropriate. The BUNDLE strategy is not applicable here as there is no mention of multiple items or a sum of volumes. The DIMENSIONS strategy is also not relevant since the extraction does not involve spatial context but rather a specific volume measurement.",0,0,10,direct
Philips Hue White & Color Ambiance E27 Bulb,Collector Volume,True,"The extraction of 'Collector Volume' in this context does not directly apply as the data provided does not mention any volume measurements. However, if we consider the context of the product, the most relevant extraction strategy would be to look for explicit values related to the product's specifications. The '1100 lumens' could be interpreted as a measure of brightness rather than volume, but it is the only numerical value present. Therefore, the Direct extraction strategy is the most applicable here, as it focuses on extracting explicit values, even though they may not pertain to volume in the traditional sense.",2,1,8,direct
Hisense 50-inch 4K UHD Smart TV,DPI,True,"The extraction of 'DPI' (dots per inch) is not directly applicable in this context as the provided data does not include any explicit DPI values or relevant information to calculate DPI. The dimensions provided (width and height) could be used to derive a DPI value if the screen resolution is known, but this requires additional calculations. Therefore, the direct extraction score is low. The bundle score is also low since there are no multiple items to sum. The dimensions score is higher as the width and height are provided, which are necessary for any potential DPI calculation.",1,3,1,dimensions
Spigen Ultra Hybrid Case for iPhone 13,DPI,True,"The extraction of 'DPI' (dots per inch) is not directly applicable in this context as the provided data does not mention any explicit values related to DPI. The product description focuses on the case's features rather than any specifications that would relate to DPI. Therefore, the direct extraction score is low. The bundle score is also low since there are no items to sum or compare. The dimensions score is not applicable as there are no spatial dimensions provided in the description. Overall, the best approach is to recognize that no relevant DPI information is present.",1,1,1,direct
La Roche-Posay Effaclar Duo+ M 40ml,DPI,True,"The extraction of 'DPI' (which typically stands for Dots Per Inch in a printing context) does not directly apply to the provided data about a skincare product. However, if we consider DPI in terms of product dimensions or packaging, we can analyze the context. The product is described with a specific volume (40ml), which could relate to dimensions in terms of packaging size. However, there are no explicit values or bundles to extract in this case. Therefore, the most relevant extraction strategy would be DIMENSIONS, as it relates to the physical characteristics of the product.",1,5,1,dimensions
Yamaha F310 Acoustic Guitar Natural,Length,True,"The extraction of 'Length' in this context is not directly applicable as there are no explicit measurements provided in the title or description. The 'DIRECT' strategy would not yield any results since there are no numerical values or units related to length. The 'BUNDLE' strategy is also not relevant as there are no items to sum or compare. The 'DIMENSIONS' strategy could be considered if we had context about the guitar's dimensions, but since the description lacks specific length measurements, it cannot be effectively applied either. Therefore, all strategies score low due to the absence of relevant data.",0,0,0,direct
Philips Hue White & Color Ambiance E27 Bulb,DPI,True,"The extraction of 'DPI' (dots per inch) is not directly applicable in this context as the provided data does not mention any DPI-related information. The focus is on a smart LED bulb with specifications like lumens and compatibility, which do not relate to DPI. Therefore, the direct extraction score is low. The bundle score is also low since there are no bundles or multiple items to consider. The dimensions score is not applicable as there are no spatial dimensions provided in the data. Overall, the extraction algorithm that would be most relevant here is 'DIRECT', but it scores low due to the absence of explicit DPI values.",0,0,1,direct
Spigen Ultra Hybrid Case for iPhone 13,Length,True,"The extraction of 'Length' in this scenario is best suited for the DIRECT strategy. The description does not provide any explicit measurements or dimensions related to length, nor does it imply a bundle of items that would require summation. Therefore, the direct extraction method is the most appropriate, even though no specific length is mentioned in the data provided.",1,1,5,direct
Hisense 50-inch 4K UHD Smart TV,Length,True,"The extraction of 'Length' in this scenario primarily involves identifying explicit values related to the dimensions of the TV. The 'Width' and 'Height' are given in inches, which are direct measurements. The 'Diagonal' is provided in centimeters, which would require conversion to inches for strict unit matching. Since the task is to extract 'Length', the most relevant extraction method is DIRECT, as it focuses on explicit values with strict unit matching. BUNDLE is less relevant here as we are not summing multiple lengths, and DIMENSIONS is not applicable since we are not extracting spatial context based on object placement.",2,1,8,direct
La Roche-Posay Effaclar Duo+ M 40ml,Length,True,"The length extraction for this scenario is straightforward as the product description explicitly states '40ml', which is a direct measurement of volume. There are no bundles or spatial dimensions involved, making the DIRECT strategy the most appropriate for extracting this value.",0,0,10,direct
Yamaha F310 Acoustic Guitar Natural,Screen Diagonal,True,"The extraction of 'Screen Diagonal' is not directly applicable to the provided data, as it pertains to a guitar rather than a screen or display. However, if we were to consider the dimensions of the guitar, we could potentially apply the DIMENSIONS strategy to extract relevant size information if it were available. Since the data does not provide explicit numerical values or dimensions, the DIRECT and BUNDLE strategies are not applicable either. Therefore, the DIMENSIONS strategy is the most relevant, but it cannot be fully utilized without specific measurements.",0,5,0,dimensions
Spigen Ultra Hybrid Case for iPhone 13,Screen Diagonal,True,"The extraction of 'Screen Diagonal' is not applicable in this scenario as the provided data does not contain any explicit measurements or dimensions related to the screen size of the iPhone 13. The title and description focus on the case's features rather than the phone's specifications. Therefore, the direct extraction method is not suitable. Additionally, there are no bundles or multiple items to consider, making the bundle method irrelevant. The dimensions method could be considered if there were contextual information about the screen size, but in this case, it is not applicable either.",0,0,0,direct
Hisense 50-inch 4K UHD Smart TV,Screen Diagonal,True,"The extraction of 'Screen Diagonal' is best suited for the DIRECT strategy as it involves extracting an explicit value (127 cm) that directly corresponds to the screen diagonal measurement. The BUNDLE strategy is not applicable here since there is no summation of multiple items involved, and the DIMENSIONS strategy, while relevant for spatial context, does not specifically target the extraction of the diagonal measurement itself.",1,3,10,direct
Philips Hue White & Color Ambiance E27 Bulb,Length,True,"The extraction of 'Length' in this scenario is not directly applicable as the provided data does not contain any explicit length measurements. The description focuses on the features of the bulb rather than its physical dimensions. Therefore, the Direct extraction score is low. The Bundle score is also low since there are no items to sum or compare. The Dimensions score is not applicable as there are no spatial dimensions mentioned in the data.",1,1,1,direct
La Roche-Posay Effaclar Duo+ M 40ml,Screen Diagonal,True,"The extraction of 'Screen Diagonal' does not directly apply to the provided data, as it pertains to a cosmetic product rather than a screen measurement. However, if we were to consider the context of extracting dimensions or volume, the '40ml' could be relevant. In this case, the most appropriate extraction algorithm would be DIMENSIONS, as it relates to the volume of the product, which is a spatial measurement.",0,10,0,dimensions
Yamaha F310 Acoustic Guitar Natural,Width (cm),True,"The data provided does not contain any explicit mention of width or dimensions related to the Yamaha F310 Acoustic Guitar. Therefore, the DIRECT extraction method cannot be applied as there are no specific values to extract. The BUNDLE method is also not applicable since there are no multiple items or bundles to consider. However, the DIMENSIONS method could be relevant if we were to infer dimensions based on the context of the guitar, as guitars typically have standard dimensions. However, without specific measurements provided, this method would also be limited in effectiveness. Therefore, the scores reflect the lack of applicable data for extraction.",0,1,0,dimensions
Spigen Ultra Hybrid Case for iPhone 13,Width (cm),True,"The data provided does not contain any explicit measurements or dimensions related to 'Width (cm)'. Therefore, the DIRECT strategy would not yield any results. The BUNDLE strategy is also not applicable as there are no items to sum or compare. The DIMENSIONS strategy could potentially be relevant if there were contextual clues about the size of the case, but since the description does not provide any dimensions or context for spatial extraction, it is not applicable either. Overall, none of the strategies are suitable for extracting 'Width (cm)' from the given data.",0,0,0,direct
Hisense 50-inch 4K UHD Smart TV,Width (cm),True,"The width is explicitly stated in inches, which is a direct measurement. However, the extraction of 'Width (cm)' requires converting inches to centimeters. The direct extraction method is suitable for finding explicit values, but since the width is given in inches, a conversion is necessary. The bundle method is not applicable here as we are not dealing with multiple items or sums. The dimensions method could be relevant since it involves spatial context, but the width is clearly defined. Therefore, the direct method is the most straightforward, but it requires a conversion to cm.",0,3,5,direct
Philips Hue White & Color Ambiance E27 Bulb,Screen Diagonal,True,"The extraction of 'Screen Diagonal' is not directly applicable to the provided data, as it pertains to a light bulb rather than a screen. However, if we were to consider the context of extracting dimensions or specifications, the 'DIMENSIONS' strategy could be relevant if we were looking for physical dimensions of the bulb itself. The 'DIRECT' strategy would not apply as there are no explicit values for screen diagonal in the data. The 'BUNDLE' strategy is also not applicable since there are no bundles or multiple items to consider.",0,5,0,dimensions
La Roche-Posay Effaclar Duo+ M 40ml,Width (cm),True,"The data provided does not explicitly mention any width measurements in centimeters. The focus is on a product description that includes volume (40ml) rather than dimensions. Therefore, the most appropriate extraction strategy would be to use the DIRECT method, but since there are no explicit width values, the score is low. The BUNDLE method is not applicable as there are no items to sum or compare. The DIMENSIONS method is also not applicable as there are no spatial dimensions provided in the context of the product.",0,0,1,direct
Yamaha F310 Acoustic Guitar Natural,Depth,True,"The extraction of 'Depth' in this context is not directly applicable as there are no explicit depth measurements provided in the title or description. The information focuses on the materials and features of the guitar rather than any spatial dimensions. Therefore, the most relevant strategy would be to consider the dimensions of the guitar, but since no specific depth is mentioned, the direct extraction score is low. The bundle score is also low as there are no items to sum or compare. The dimensions score is slightly higher as it relates to the context of the guitar's physical attributes, but still not applicable without specific measurements.",1,2,1,dimensions
Hisense 50-inch 4K UHD Smart TV,Depth,True,"The extraction of 'Depth' in this scenario is not directly applicable since the provided data does not include a depth measurement. However, if we consider the context of the TV's dimensions, we can infer that the depth might be relevant in a spatial context, but it is not explicitly stated. Therefore, the direct extraction score is low, as there is no explicit depth value. The bundle score is also low since there are no multiple items to sum or compare. The dimensions score is higher because we can consider the spatial context of the TV's dimensions, even though depth is not provided.",0,5,0,dimensions
Philips Hue White & Color Ambiance E27 Bulb,Width (cm),True,"The data provided does not contain any explicit mention of width or dimensions related to the Philips Hue bulb. Therefore, the DIRECT extraction method would not yield any results. The BUNDLE method is also not applicable as there are no multiple items or bundles to consider. The DIMENSIONS method could be relevant if the context of the object (the bulb) typically includes dimensions, but since no specific width is mentioned, it cannot be effectively applied either. Thus, all scores are low due to the lack of relevant data.",0,0,0,direct
Spigen Ultra Hybrid Case for iPhone 13,Depth,True,"The extraction of 'Depth' in this scenario is not directly applicable as there are no explicit depth values provided in the title or description. The product description focuses on the features of the case rather than its dimensions. Therefore, the Direct extraction method would not yield any results. The Bundle method is also not relevant since there are no multiple items or sums to consider. The Dimensions method could potentially apply if the context of the case's dimensions were provided, but in this case, it is absent. Thus, the scores reflect the lack of relevant data for extraction.",0,0,0,direct
Hisense 50-inch 4K UHD Smart TV,Sleeping Area Width,True,"The extraction of 'Sleeping Area Width' from the provided data is best suited for the DIRECT strategy. The width is explicitly stated as '44 inches', which allows for a straightforward extraction without the need for additional context or calculations. The BUNDLE strategy is not applicable here as there is no summation or comparison of multiple widths. The DIMENSIONS strategy is also not relevant since the context does not involve spatial relationships beyond the explicit width measurement.",1,1,10,direct
Yamaha F310 Acoustic Guitar Natural,Sleeping Area Width,True,"The term 'Sleeping Area Width' does not appear in the provided data, which focuses on a guitar's specifications. However, if we were to consider the extraction of dimensions related to the guitar, the 'DIMENSIONS' strategy would be the most relevant, as it would involve understanding the physical characteristics of the guitar in context. The 'DIRECT' strategy would not apply here since there are no explicit values for width or dimensions given. The 'BUNDLE' strategy is also not applicable as there are no multiple items or sums to consider. Therefore, the 'DIMENSIONS' strategy is the most suitable for extracting any potential width-related information if it were present.",0,5,0,dimensions
Spigen Ultra Hybrid Case for iPhone 13,Sleeping Area Width,True,"The data provided does not contain any explicit measurements or dimensions related to the 'Sleeping Area Width'. The title and description focus on the product features and compatibility without mentioning any specific sizes or widths. Therefore, the Direct extraction method is not applicable. Since there are no bundles or multiple items to consider, the Bundle method is also not relevant. The Dimensions method could potentially be used if there were contextual clues about the spatial dimensions of the case, but in this case, there are none. Thus, all scores are low, reflecting the lack of relevant data for extraction.",0,0,0,direct
La Roche-Posay Effaclar Duo+ M 40ml,Depth,True,"The extraction of 'Depth' in this context is likely to refer to the measurement of the product's physical dimensions, specifically its depth. However, the provided data does not explicitly mention any depth measurement. The title and description focus on the product's volume (40ml) and its intended use rather than its physical dimensions. Therefore, the most appropriate extraction strategy would be to use the DIRECT method, as it would look for any explicit numerical values related to depth, even though none are present. The BUNDLE method is not applicable here since there are no multiple items to sum or compare. The DIMENSIONS method could be relevant if there were contextual clues about the product's physical size, but again, this data does not provide that information. Thus, the scores reflect the likelihood of finding relevant depth information using each strategy.",1,2,5,direct
Philips Hue White & Color Ambiance E27 Bulb,Depth,True,"The extraction of 'Depth' in this context does not directly apply as there are no explicit depth values provided in the data. The product description focuses on features like color options, brightness (lumens), and compatibility rather than physical dimensions or depth measurements. Therefore, the direct extraction score is low. The bundle score is also low since there are no items to sum or compare. The dimensions score is not applicable as there are no spatial context clues related to depth in the description.",1,1,1,direct
La Roche-Posay Effaclar Duo+ M 40ml,Sleeping Area Width,True,"The data provided does not contain any information related to a 'Sleeping Area Width'. The title and description focus on a skincare product, which does not pertain to dimensions or measurements of a sleeping area. Therefore, none of the extraction strategies are applicable in this context.",0,0,0,direct
Yamaha F310 Acoustic Guitar Natural,Scale,True,"The extraction of 'Scale' in this context is not directly applicable as there are no explicit numerical values or measurements provided in the data. The description focuses on the materials and features of the guitar rather than any specific scale measurements. Therefore, the direct extraction score is low. The bundle score is also low since there are no items to sum or compare. The dimensions score is not applicable as there are no spatial dimensions mentioned in the description.",1,1,1,direct
Hisense 50-inch 4K UHD Smart TV,Scale,True,"The extraction of 'Scale' in this context primarily relates to the dimensions of the TV. The width and height are explicitly stated, making the DIRECT extraction method suitable for these values. However, since the dimensions are provided in different units (inches and centimeters), strict unit matching may complicate the direct extraction. The BUNDLE method could be relevant if we were to consider the overall size of the TV as a single entity, but it is less applicable here since we are dealing with specific dimensions. The DIMENSIONS method is the most appropriate as it focuses on the spatial context of the object, allowing for a comprehensive understanding of the TV's size. Therefore, the DIMENSIONS method should be prioritized for extracting the scale of the TV.",3,8,5,dimensions
Spigen Ultra Hybrid Case for iPhone 13,Scale,True,"The term 'Scale' in this context does not appear explicitly in the provided data. However, if we consider the context of the product, 'Scale' could refer to the size or dimensions of the case. Since the product is a case for a specific phone model (iPhone 13), the most relevant extraction strategy would be DIMENSIONS, as it relates to the physical size and fit of the case. The DIRECT strategy would not apply here since there are no explicit numerical values related to scale in the text. The BUNDLE strategy is also not applicable as there are no multiple items or sums to consider. Therefore, the DIMENSIONS score should be the highest, while DIRECT and BUNDLE scores should be lower.",1,5,1,dimensions
La Roche-Posay Effaclar Duo+ M 40ml,Scale,True,"The extraction of 'Scale' in this context refers to the volume of the product, which is explicitly stated as '40ml'. This is a direct measurement and does not involve any bundling or spatial dimensions. Therefore, the Direct extraction method is the most appropriate, as it focuses on extracting explicit values with strict unit matching. The Bundle and Dimensions methods are not applicable here since there is no summation of items or spatial context involved.",0,0,10,direct
Philips Hue White & Color Ambiance E27 Bulb,Sleeping Area Width,True,"The extraction of 'Sleeping Area Width' does not directly relate to the provided data about the Philips Hue bulb, as there are no explicit dimensions or spatial context mentioned. However, if we were to consider the context of a sleeping area, we would typically look for dimensions related to the space rather than the product itself. Therefore, the most relevant strategy would be DIMENSIONS, as it would allow for spatial extraction based on the context of a sleeping area, even though the current data does not provide such information. The DIRECT strategy is not applicable here since there are no explicit values for width, and the BUNDLE strategy is irrelevant as there are no items to sum or compare. Thus, the DIMENSIONS score is the highest, while DIRECT and BUNDLE scores are low.",1,5,1,dimensions
Philips Hue White & Color Ambiance E27 Bulb,Scale,True,"The extraction of 'Scale' in this context relates to the brightness of the bulb, which is given as '1100 lumens'. This is a direct measurement of light output, making it suitable for the DIRECT extraction algorithm. The BUNDLE algorithm is not applicable here as there are no multiple items to sum or compare. The DIMENSIONS algorithm is also not relevant since the context does not involve spatial dimensions but rather a specific measurement of brightness.",0,0,10,direct
Hoff Sofa Bed 'Amsterdam',Max Torque,True,"The extraction of 'Max Torque' is not directly applicable to the provided data about the Hoff Sofa Bed, as it does not contain any torque-related information. However, if we were to consider the extraction strategies: 1. DIRECT would not apply since there are no explicit torque values. 2. BUNDLE could be relevant if we were to consider the dimensions as a bundle of measurements, but it does not relate to torque. 3. DIMENSIONS could be relevant if we were to analyze the spatial context of the sofa, but again, it does not pertain to torque. Therefore, none of the strategies are suitable for extracting 'Max Torque' from this data.",0,0,0,direct
Hoff Sofa Bed 'Amsterdam',Suction Power,True,"The extraction of 'Suction Power' is not directly applicable to the provided data, as there is no mention of suction power in the title or description. However, if we were to consider the extraction strategies: 1. DIRECT would not yield any results since there are no explicit values related to suction power. 2. BUNDLE is also not relevant as there are no bundles or sums related to suction power. 3. DIMENSIONS could be relevant if suction power were to be inferred from the dimensions of the sofa bed, but again, there is no direct correlation provided in the data. Therefore, all strategies score low due to the lack of relevant information.",0,0,0,direct
Hoff Sofa Bed 'Amsterdam',Runtime,True,"The extraction of 'Runtime' in this context is not directly applicable as the provided data does not contain any explicit runtime values. However, if we were to consider the extraction of dimensions or related metrics, the BUNDLE strategy could be relevant for extracting the sleeping area as it involves a specific measurement that could be summed or compared to other dimensions. The DIRECT strategy would not yield any results since there are no explicit runtime values present. DIMENSIONS could be relevant if we were to analyze the spatial context of the sofa bed, but it does not directly relate to 'Runtime'. Therefore, the BUNDLE strategy is the most applicable in this scenario for extracting relevant dimensional data.",5,3,0,bundle
Hoff Sofa Bed 'Amsterdam',Display Size,True,"The extraction of 'Display Size' in this scenario is best suited for the DIMENSIONS strategy. The data provides specific dimensions related to the sofa's size and sleeping area, which are spatial in nature. The DIRECT strategy would not be as effective since the values are not explicitly stated as 'display size' but rather as dimensions. The BUNDLE strategy is not applicable here as we are not dealing with multiple items or a sum of sizes, but rather specific measurements of a single object.",1,5,2,dimensions
Hoff Sofa Bed 'Amsterdam',Viewing Angle,True,"The 'Viewing Angle' is not explicitly mentioned in the provided data, which means a direct extraction is not possible. However, the dimensions of the sofa and sleeping area can provide context for spatial extraction. Since the data includes specific measurements, the dimensions extraction strategy is the most relevant here, as it can infer the viewing angle based on the physical dimensions of the sofa. The bundle strategy is not applicable as there are no multiple items to sum or compare. Therefore, the dimensions score is the highest.",0,10,0,dimensions
Hoff Sofa Bed 'Amsterdam',Battery Life,True,"The extraction of 'Battery Life' is not applicable in this context as the provided data does not mention any electronic device or battery-related information. Therefore, the scores for all strategies are low, as there is no relevant data to extract.",0,0,0,direct
Hoff Sofa Bed 'Amsterdam',Curvature,True,"The extraction of 'Curvature' in this context is not directly applicable as the provided data does not include any explicit curvature measurements or descriptions. However, the dimensions provided (240x160x90 cm for the sofa and 200x140 cm for the sleeping area) suggest a spatial context that could relate to curvature in terms of design. Therefore, the DIMENSIONS strategy is the most relevant, as it considers the spatial characteristics of the sofa. The DIRECT strategy is not applicable since there are no explicit curvature values to extract, and the BUNDLE strategy does not apply as there are no sums or bundles of curvature values to consider.",0,10,0,dimensions
Hoff Sofa Bed 'Amsterdam',Bowl Capacity,True,"The extraction of 'Bowl Capacity' is not directly applicable to the provided data, as it pertains to a sofa bed rather than a bowl. However, if we were to consider the dimensions of the sofa bed, we could potentially analyze the spatial context. The dimensions provided (240x160x90 cm) and the sleeping area (200x140 cm) suggest a focus on size rather than capacity. Therefore, the most relevant extraction strategy would be DIMENSIONS, as it relates to the spatial characteristics of the sofa bed.",0,5,0,dimensions
Hoff Sofa Bed 'Amsterdam',Power,True,"The extraction of 'Power' in this context does not directly relate to explicit values or measurements provided in the data. The data focuses on dimensions and features of a sofa bed rather than any power-related metrics. Therefore, the direct extraction score is low. The bundle score is also low since there are no items to sum or compare. The dimensions score is slightly higher as the data includes specific measurements, but it does not pertain to power in a traditional sense. Overall, the best approach is to acknowledge the dimensions but recognize that they do not relate to power extraction.",1,2,1,dimensions
Hoff Sofa Bed 'Amsterdam',Volume,True,"The extraction of 'Volume' in this scenario is best suited for the DIMENSIONS strategy. The provided data includes specific dimensions of the sofa, which can be used to calculate the volume. The DIRECT strategy would only extract explicit values but does not apply here since the volume is not directly stated. The BUNDLE strategy is not relevant as we are not dealing with multiple items or sums. Therefore, DIMENSIONS is the most appropriate choice for extracting volume based on the context of the object's dimensions.",1,5,1,dimensions
Hoff Sofa Bed 'Amsterdam',Read Speed,True,"The extraction of 'Read Speed' from the provided data is not directly applicable as there are no explicit values related to reading speed in the title or description. The data focuses on a sofa bed's dimensions and features rather than any speed metrics. Therefore, the direct extraction score is low. The bundle score is also low since there are no items to sum or compare. The dimensions score is slightly higher as the dimensions of the sofa are provided, but they do not relate to reading speed. Overall, the best approach is to recognize that the data does not contain relevant information for 'Read Speed'.",0,1,0,dimensions
Hoff Sofa Bed 'Amsterdam',Weight,True,"The data provided does not include any explicit weight information for the Hoff Sofa Bed 'Amsterdam'. Therefore, the Direct extraction score is low. The Bundle score is also low since there are no multiple items or weights to sum. The Dimensions score is not applicable as the context does not relate to spatial weight extraction. Overall, the best approach is to acknowledge the absence of weight data.",0,0,0,direct
Hoff Sofa Bed 'Amsterdam',Max Load,True,"The extraction of 'Max Load' is not directly mentioned in the provided data. However, the dimensions and description suggest a focus on the physical attributes of the sofa bed. Since 'Max Load' typically relates to the weight capacity of the sofa, the most relevant extraction strategy would be to use the DIRECT method if explicit weight values were provided. However, since no weight information is available, the BUNDLE method could be considered if we were to infer load capacity based on dimensions and typical load characteristics of similar furniture. The DIMENSIONS method is less relevant here as it focuses on spatial extraction rather than weight capacity. Therefore, the BUNDLE method is the most appropriate given the context of furniture load capacity.",5,1,0,bundle
Hoff Sofa Bed 'Amsterdam',Luminous Flux,True,"The extraction of 'Luminous Flux' is not directly applicable to the provided data, as it does not contain any explicit values related to luminous flux or light measurements. The data focuses on a sofa bed's dimensions and materials, which do not pertain to light output. Therefore, the direct extraction score is low. The bundle score is also low since there are no bundles of light measurements to consider. The dimensions score is slightly higher as the dimensions of the sofa are provided, but they do not relate to luminous flux. Overall, the context does not support any extraction of luminous flux values.",1,2,1,dimensions
Hoff Sofa Bed 'Amsterdam',Power Source,True,"The extraction of 'Power Source' is not directly applicable in this scenario as the provided data does not mention any power source. However, if we were to consider the extraction strategies, 'DIRECT' would not apply since there are no explicit values related to power. 'BUNDLE' is also not relevant as there are no items to sum or compare. 'DIMENSIONS' could be considered if we were looking for spatial context, but it does not pertain to power sources either. Therefore, all strategies score low due to the lack of relevant data.",0,0,0,direct
Hoff Sofa Bed 'Amsterdam',Cutting Width,True,"The extraction of 'Cutting Width' from the provided data is best suited for the DIMENSIONS strategy. The data includes specific dimensions related to the sofa, which can be interpreted in the context of its physical attributes. The DIRECT strategy would not apply as there are no explicit values for 'Cutting Width' mentioned, and the BUNDLE strategy is not relevant since we are not dealing with a sum of multiple items or dimensions. Therefore, the DIMENSIONS strategy is the most appropriate for extracting relevant measurements.",0,10,0,dimensions
Hoff Sofa Bed 'Amsterdam',Collector Volume,True,"The extraction of 'Collector Volume' in this context is best suited for the DIMENSIONS strategy. The data provides specific measurements related to the sofa's dimensions and sleeping area, which are essential for understanding the volume it occupies. The DIRECT strategy would not be applicable as there are no explicit volume values provided, and the BUNDLE strategy does not apply since we are not summing multiple items but rather extracting specific dimensional data.",0,10,0,dimensions
Hoff Sofa Bed 'Amsterdam',DPI,True,"The extraction of 'DPI' (Dots Per Inch) is not directly applicable in this context as the provided data does not contain any explicit values related to DPI. The dimensions given are in centimeters and pertain to the physical size of the sofa bed rather than a digital resolution measurement. Therefore, the direct extraction score is low. The bundle score is also low since there are no items to sum or compare. The dimensions score is higher as the data includes specific measurements, but it does not relate to DPI. Overall, the best approach is to acknowledge the dimensions provided without a direct correlation to DPI.",1,3,1,dimensions
Hoff Sofa Bed 'Amsterdam',Length,True,"The extraction of 'Length' in this scenario is best suited for the DIRECT strategy, as the dimensions are explicitly stated in the description with clear unit matching (cm). The BUNDLE strategy is less relevant here since we are not summing multiple lengths but rather extracting specific values. The DIMENSIONS strategy could apply if we were considering the context of the sofa's placement, but since we are focused on explicit measurements, DIRECT is the most appropriate.",2,3,10,direct
Hoff Sofa Bed 'Amsterdam',Screen Diagonal,True,"The extraction of 'Screen Diagonal' is not directly applicable in this scenario as the provided data does not include any screen dimensions or diagonal measurements. However, if we consider the dimensions of the sofa and its sleeping area, we can infer that the dimensions extraction could be relevant. The 'Direct' extraction would not yield any results since there are no explicit values for screen diagonal. The 'Bundle' extraction is also not applicable as we are not dealing with a sum of items. The 'Dimensions' extraction could be relevant if we were to consider the dimensions of the sofa or sleeping area in a spatial context, but it does not directly relate to 'Screen Diagonal'. Therefore, the best approach is to focus on the dimensions context, even though it does not directly answer the query.",0,5,0,dimensions
Hoff Sofa Bed 'Amsterdam',Width (cm),True,"The extraction of 'Width (cm)' from the provided data involves identifying explicit numerical values associated with dimensions. The description includes specific dimensions for the sofa, which can be directly matched to the width. The '240x160x90 cm' indicates that the first value (240 cm) is the width. Therefore, the DIRECT strategy is the most appropriate as it allows for strict unit matching and direct extraction of the width value. The BUNDLE strategy is not applicable here as there are no bundles or sums involved, and the DIMENSIONS strategy, while relevant, is less precise than the DIRECT approach for this specific extraction.",0,5,10,direct
Hoff Sofa Bed 'Amsterdam',Depth,True,"The extraction of 'Depth' from the provided data is best suited for the DIRECT strategy, as the depth is explicitly stated in the dimensions of the sofa (90 cm). The BUNDLE strategy is not applicable here since there are no multiple items to sum or compare. The DIMENSIONS strategy could be relevant if we were analyzing spatial relationships or context, but in this case, we are simply extracting a specific measurement.",0,2,10,direct
Hoff Sofa Bed 'Amsterdam',Sleeping Area Width,True,"The extraction of 'Sleeping Area Width' is best suited for the DIMENSIONS strategy because it involves spatial dimensions related to the context of the sofa bed. The width of the sleeping area is explicitly mentioned in the dimensions provided (200x140 cm), making it a clear case for spatial extraction rather than a direct numerical extraction or a bundle scenario.",1,5,2,dimensions
Hoff Sofa Bed 'Amsterdam',Scale,True,"The extraction of 'Scale' in this context primarily relates to the dimensions provided for the sofa bed. The dimensions are explicitly stated in the description, making the DIRECT extraction method the most suitable. However, since there are multiple dimensions provided (for both the sofa and the sleeping area), the BUNDLE method could also be relevant if we consider the overall size as a sum of its parts. The DIMENSIONS method is less applicable here as it focuses on spatial extraction based on object context rather than explicit numerical values. Therefore, while DIRECT is the strongest candidate, BUNDLE also holds some weight due to the multiple dimensions provided.",6,3,8,direct
